"Title";"Artist";"Year"
"Sunrise";"Norah Jones";"2004"
"Black Night";"Deep Purple";"2000"
"Clint Eastwood";"Gorillaz";"2001"
"The Pretender";"Foo Fighters";"2007"
"Waitin' On A Sunny Day";"Bruce Springsteen";"2002"
"The Road Ahead (Miles Of The Unknown)";"City To City";"2004"
"She Will Be Loved";"Maroon 5";"2002"
"Knights of Cydonia";"Muse";"2006"
"Mr. Brightside";"The Killers";"2004"
"Without Me";"Eminem";"2002"
"Love Me Tender";"Elvis Presley";"2002"
"Seven Nation Army";"The White Stripes";"2003"
"Als Het Golft";"De Dijk";"2000"
"I'm going home";"Ten Years After";"2005"
"Fluorescent Adolescent";"Arctic Monkeys";"2007"
"Zonder Jou";"Paul de Leeuw";"2006"
"Speed of Sound";"Coldplay";"2005"
"Uninvited";"Alanis Morissette";"2005"
"Music";"John Miles";"2004"
"Cry Me a River";"Justin Timberlake";"2002"
"Fix You";"Coldplay";"2005"
"The Cave";"Mumford & Sons";"2009"
"Als De Morgen Is Gekomen";"Jan Smit";"2006"
"Somebody Told Me";"The Killers";"2004"
"Dichterbij Dan Ooit";"BLØF";"2002"
"Miracle";"Ilse DeLange";"2008"
"Smokers Outside the Hospital Doors";"Editors";"2007"
"Cleanin' Out My Closet";"Eminem";"2002"
"Der Weg";"Herbert Grönemeyer";"2008"
"7 Seconds (feat. Neneh Cherry)";"Youssou N'Dour";"2004"
"The Scientist";"Coldplay";"2002"
"Big Log - 2006 Remaster";"Robert Plant";"2007"
"Chasing Pavements";"Adele";"2008"
"Don't Know Why";"Norah Jones";"2002"
"Tears Dry On Their Own";"Amy Winehouse";"2006"
"The Eyes of Jenny";"Sandy Coast";"2009"
"Iris";"The Goo Goo Dolls";"2007"
"The Saints Are Coming";"U2";"2006"
"All My Life";"Foo Fighters";"2002"
"De Weg";"Guus Meeuwis";"2005"
"Don't Let Me Be Misunderstood";"Santa Esmeralda";"2003"
"Traffic - Radio Edit";"Tiësto";"2009"
"Take Me Out";"Franz Ferdinand";"2004"
"American Idiot";"Green Day";"2004"
"Breaking the Habit";"Linkin Park";"2003"
"Come Undone";"Robbie Williams";"2002"
"Sweet Jane";"Lou Reed";"2008"
"Run";"Snow Patrol";"2004"
"You're The First, The Last, My Everything";"Barry White";"2009"
"The Day After Tomorrow";"Saybia";"2005"
"Just Breathe";"Pearl Jam";"2009"
"Dansen Aan Zee";"BLØF";"2000"
"Goodbye My Lover";"James Blunt";"2005"
"The Unforgiven III";"Metallica";"2008"
"Hurt";"Christina Aguilera";"2006"
"Grounds for Divorce";"Elbow";"2009"
"Sometimes You Can't Make It On Your Own";"U2";"2004"
"Listen (From the Motion Picture ''Dreamgirls'')";"Beyoncé";"2006"
"I Want It That Way";"Backstreet Boys";"2001"
"Goin To The Run";"Golden Earring";"2008"
"De Neus Umhoeg";"Rowwen Hèze";"2005"
"Solitary Man";"Johnny Cash";"2000"
"Smoorverliefd";"Doe Maar";"2008"
"Me Gustas Tu";"Manu Chao";"2001"
"Kryptonite";"3 Doors Down";"2000"
"Crazy";"Seal";"2004"
"Family Portrait";"P!nk";"2001"
"In The Army Now";"Status Quo";"2002"
"I Surrender";"Saybia";"2004"
"Maybe Tomorrow";"Stereophonics";"2003"
"Make You Feel My Love";"Adele";"2008"
"No One Knows";"Queens of the Stone Age";"2002"
"Where Do You Go To (My Lovely) - Re-Recorded";"Peter Sarstedt";"2008"
"The Wild Rover";"The Dubliners";"2008"
"Little Lion Man";"Mumford & Sons";"2009"
"Dirty Diana";"Michael Jackson";"2003"
"Ne me quitte pas";"Jacques Brel";"2004"
"Sad Man's Tongue";"Volbeat";"2007"
"Wat Zou Je Doen - Live";"Marco Borsato";"2006"
"One Day Like This";"Elbow";"2009"
"Bagagedrager";"Spinvis";"2002"
"Wêr Bisto";"Twarres";"2001"
"Only Time";"Enya";"2000"
"Sorry Seems To Be The Hardest Word";"Blue";"2004"
"Self Esteem";"The Offspring";"2005"
"Aanzoek Zonder Ringen";"BLØF";"2006"
"Modern World";"Anouk";"2007"
"Rosie";"Claw Boys Claw";"2007"
"This Is Not America - 2002 Remaster";"David Bowie";"2002"
"Times Like These";"Foo Fighters";"2002"
"De Vondeling Van Ameland";"Boudewijn de Groot";"2007"
"I'm Gonna Be (500 Miles)";"The Proclaimers";"2003"
"Afscheid Nemen Bestaat Niet";"Marco Borsato";"2006"
"Blauwe Ruis";"BLØF";"2002"
"Limburg - Live";"Rowwen Hèze";"2008"
"21 Guns";"Green Day";"2009"
"Valerie (feat. Amy Winehouse) - Version Revisited";"Mark Ronson";"2007"
"Blaosmuziek";"Gé Reinders";"2005"
"Binnen";"Marco Borsato";"2002"
"Motorcycle Emptiness";"Manic Street Preachers";"2002"
"In the End";"Linkin Park";"2000"
"Halt mich";"Herbert Grönemeyer";"2008"
"Girl";"Anouk";"2004"
"Trapped - Live at Meadowlands Arena, E. Rutherford, NJ - August 1984";"Bruce Springsteen";"2003"
"Ik Wou Dat Ik Jou Was";"Veldhuis & Kemper";"2003"
"Empire State of Mind (Part II) Broken Down";"Alicia Keys";"2009"
"Numb / Encore";"JAY-Z";"2004"
"Ben Ik Te Min";"Armand";"2009"
"All Summer Long";"Kid Rock";"2007"
"Forever Autumn";"Jeff Wayne";"2007"
"Waiting On the World to Change";"John Mayer";"2006"
"Everybody's Changing";"Keane";"2004"
"How to Save a Life";"The Fray";"2005"
"Bloed, Zweet En Tranen";"Andre Hazes";"2002"
"Lose Yourself - From ''8 Mile'' Soundtrack";"Eminem";"2005"
"Europa (Earth's Cry Heaven's Smile)";"Santana";"2007"
"Feeling Good";"Muse";"2001"
"Harder, Better, Faster, Stronger";"Daft Punk";"2001"
"Use Somebody";"Kings of Leon";"2008"
"Sweet Disposition";"The Temper Trap";"2009"
"Single Ladies (Put a Ring on It)";"Beyoncé";"2008"
"You're the Voice";"John Farnham";"2008"
"Voltooid Verleden Tijd";"IOS";"2009"
"Eternal Flame";"The Bangles";"2004"
"Papa Was A Rolling Stone";"The Temptations";"2001"
"Crazy In Love (feat. Jay-Z)";"Beyoncé";"2003"
"Best of You";"Foo Fighters";"2005"
"Daughters";"John Mayer";"2003"
"De wedstrijd";"Bram Vermeulen";"2006"
"Papillon";"Editors";"2009"
"Sadeness";"Enigma";"2001"
"Red Mij Niet - Single Edit";"Maarten Van Roozendaal";"2001"
"Love Is A Losing Game";"Amy Winehouse";"2006"
"Zij";"Marco Borsato";"2002"
"Tribute";"Tenacious D";"2001"
"You Know I'm No Good";"Amy Winehouse";"2006"
"Talk";"Coldplay";"2005"
"Love Is A Battlefield";"Pat Benatar";"2001"
"Home";"Michael Bublé";"2005"
"Sonne";"Rammstein";"2001"
"I Gotta Feeling";"The Black Eyed Peas";"2009"
"She Sells Sanctuary";"The Cult";"2000"
"Alie";"Normaal";"2008"
"Red Red Wine";"UB40";"2000"
"A Little Less Conversation - JXL Radio Edit Remix";"Elvis Presley";"2002"
"Love You More";"Racoon";"2005"
"Old Man";"Neil Young";"2004"
"Zij Maakt Het Verschil";"De Poema's";"2003"
"I Want To Hold Your Hand - Remastered 2015";"The Beatles";"2000"
"Black Magic Woman";"Santana";"2007"
"Set The Fire To The Third Bar";"Snow Patrol";"2006"
"Ghost Love Score";"Nightwish";"2004"
"Going To A Town";"Rufus Wainwright";"2007"
"Is Dit Alles";"Doe Maar";"2008"
"A Gentleman's Excuse Me";"Fish";"2008"
"God Put a Smile upon Your Face";"Coldplay";"2002"
"Heartbreak Warfare";"John Mayer";"2009"
"Sailing to Philadelphia";"Mark Knopfler";"2005"
"Accidentally In Love";"Counting Crows";"2004"
"It's Raining Men";"The Weather Girls";"2008"
"One Word";"Anouk";"2004"
"Goodnight Saigon";"Billy Joel";"2001"
"Moonlight Shadow";"Mike Oldfield";"2009"
"Zing - Vecht - Huil - Bid - Lach - Werk En Bewonder";"Ramses Shaffy";"2006"
"Uprising";"Muse";"2009"
"My Immortal";"Evanescence";"2003"
"Feel Like Flying";"Racoon";"2005"
"Everything";"Michael Bublé";"2007"
"Hey There Delilah";"Plain White T's";"2005"
"Speeltuin";"Marco Borsato";"2002"
"Comptine d'un autre été, l'après-midi";"Yann Tiersen";"2001"
"Sweet Goodbyes";"Krezip";"2009"
"The Man Who Can't Be Moved";"The Script";"2008"
"Free Fallin' - Live at the Nokia Theatre, Los Angeles, CA - December 2007";"John Mayer";"2008"
"Halo";"Beyoncé";"2008"
"Hollereer";"De Jeugd Van Tegenwoordig";"2008"
"Hier";"BLØF";"2000"
"Ice Queen";"Within Temptation";"2003"
"Another 45 Miles";"Golden Earring";"2008"
"Like a Hurricane - 2003 Remaster";"Neil Young";"2004"
"Father & Friend";"Alain Clark";"2007"
"(I've Had) The Time of My Life - From ''Dirty Dancing'' Soundtrack";"Bill Medley";"2004"
"The Blower's Daughter";"Damien Rice";"2003"
"Magnificent";"U2";"2009"
"Virtual Insanity - Remastered";"Jamiroquai";"2006"
"Belle Hélène";"Doe Maar";"2008"
"Go With The Flow";"Queens of the Stone Age";"2002"
"Sound Of The Screameng Day";"Golden Earrings";"2008"
"Plug in Baby";"Muse";"2001"
"Heavy Cross";"Gossip";"2009"
"Nederwiet";"Doe Maar";"2008"
"Heart Of Glass";"Blondie";"2006"
"The Real Slim Shady";"Eminem";"2000"
"Stuck In A Moment You Can't Get Out Of";"U2";"2000"
"Tumble and Fall";"JOHAN";"2001"
"Les lacs du Connemara";"Michel Sardou";"2004"
"Hier Kom Ik Weg";"Daniël Lohues";"2008"
"Starlight";"Muse";"2006"
"Dakota";"Stereophonics";"2005"
"Time To Say Goodbye (Con Te Partirò)";"Sarah Brightman";"2006"
"Green Eyes";"Coldplay";"2002"
"Silence (feat. Sarah McLachlan) - DJ Tiësto's In Search of Sunrise Edit";"Delerium";"2004"
"De Kapitein Deel II";"Acda en de Munnik";"2000"
"Supermassive Black Hole";"Muse";"2006"
"Pak Maar M'n Hand";"Nick & Simon";"2007"
"De Bom";"Doe Maar";"2008"
"Bombay";"Golden Earring";"2008"
"Mary Jane's Last Dance";"Tom Petty and the Heartbreakers";"2008"
"Oerend Hard";"Normaal";"2008"
"Society";"Eddie Vedder";"2007"
"White Flag";"Dido";"2003"
"Heaven Must Be Missing An Angel - Pt. 1";"Tavares";"2004"
"Wake Me up When September Ends";"Green Day";"2004"
"Can't Stop";"Red Hot Chili Peppers";"2002"
"Driving Home for Christmas";"Chris Rea";"2007"
"Mutter";"Rammstein";"2001"
"Pa";"Doe Maar";"2008"
"Blauw";"The Scene";"2007"
"Spicks And Specks";"Bee Gees";"2001"
"Stan";"Eminem";"2000"
"Beautiful";"Christina Aguilera";"2002"
"Gravity";"John Mayer";"2006"
"Leave the Light On";"Beth Hart";"2009"
"Ruthless Queen";"Kayak";"2009"
"Everlong - Acoustic Version";"Foo Fighters";"2009"
"Here Without You";"3 Doors Down";"2002"
"One";"Mary J. Blige";"2005"
"Mijn Houten Hart";"De Poema's";"2003"
"Mad World (Feat. Michael Andrews)";"Gary Jules";"2002"
"Sinds 1 Dag Of 2 (32 Jaar)";"Doe Maar";"2008"
"Feeling Good";"Michael Bublé";"2005"
"The Wall Street Shuffle";"10cc";"2004"
"Song 2";"Blur";"2000"
"I Would Stay";"Krezip";"2000"
"Piano Man";"Billy Joel";"2001"
"Fireflies";"Owl City";"2009"
"Lost";"Anouk";"2004"
"Woman";"Wolfmother";"2006"
"Where Is The Love?";"The Black Eyed Peas";"2003"
"Yellow";"Coldplay";"2000"
"This Is The Life";"Amy Macdonald";"2007"
"Wicked Game";"Chris Isaak";"2006"
"Breakeven";"The Script";"2008"
"Not An Addict";"K's Choice";"2009"
"So Incredible";"Ilse DeLange";"2008"
"Mr Rock & Roll";"Amy Macdonald";"2007"
"Will You Be There - Single Version";"Michael Jackson";"2005"
"Vlinder";"Rowwen Hèze";"2003"
"Cambodia";"Kim Wilde";"2006"
"Back To Black";"Amy Winehouse";"2006"
"Dochters";"Marco Borsato";"2008"
"Hocus Pocus";"Focus";"2001"
"Mensch";"Herbert Grönemeyer";"2008"
"Amsterdam";"Coldplay";"2002"
"Time Is Running Out";"Muse";"2004"
"Rain Down on Me";"Kane";"2003"
"Denis";"Blondie";"2006"
"Hometown Glory";"Adele";"2008"
"Live And Let Die - Live";"Paul McCartney";"2003"
"I Still Cry";"Ilse DeLange";"2000"
"Ren Lenny Ren";"Acda en de Munnik";"2002"
"In My Place";"Coldplay";"2002"
"Numb";"Linkin Park";"2003"
"Slow Dancing in a Burning Room";"John Mayer";"2006"
"Empire State Of Mind";"JAY-Z";"2009"
"Drops of Jupiter";"Train";"2001"
"Omarm";"BLØF";"2003"
"(What A) Wonderful World";"Sam Cooke";"2000"
"Teardrops";"Womack & Womack";"2001"
"The Rising";"Bruce Springsteen";"2002"
"Snow (Hey Oh)";"Red Hot Chili Peppers";"2006"
"I Don't Wanna Hurt";"Anouk";"2007"
"Ordinary People";"John Legend";"2005"
"Iedereen Is Van De Wereld";"The Scene";"2007"
"Gold";"Spandau Ballet";"2000"
"All Night Long (All Night) - Single Version";"Lionel Richie";"2003"
"Can't Stop Loving You - 2016 Remaster";"Phil Collins";"2002"
"City Of Blinding Lights";"U2";"2004"
"Munich";"Editors";"2005"
"Hey Ya!";"OutKast";"2003"
"There Must Be an Angel (Playing with My Heart)";"Eurythmics";"2005"
"Laat Me / Vivre - Lange Versie";"Alderliefste met Ramses Shaffy en Liesbeth List";"2005"
"Watskeburt?!";"De Jeugd Van Tegenwoordig";"2008"
"Feel";"Robbie Williams";"2002"
"Lady Jane - (Original Single Mono Version)";"The Rolling Stones";"2004"
"La Isla Bonita";"Madonna";"2009"
"Go Like Elijah";"Chi Coltrane";"2009"
"Chop Suey!";"System Of A Down";"2001"
"Sorry - (Live in Tivoli)";"Kyteman";"2009"
"Black or White - Single Version";"Michael Jackson";"2005"
"Shut Your Eyes";"Snow Patrol";"2006"
"Ironic";"Alanis Morissette";"2005"
"I Bet You Look Good On The Dancefloor";"Arctic Monkeys";"2006"
"Hurt";"Johnny Cash";"2002"
"Vogue";"Madonna";"2009"
"If I Were a Boy";"Beyoncé";"2008"
"Dyna-Mite";"Mud";"2005"
"Une Belle Histoire (Een Mooi Verhaal)";"Alderliefste";"2008"
"Sandstorm - Radio Edit";"Darude";"2007"
"Right Next Door (Because Of Me)";"Robert Cray";"2002"
"Hald Mich 'S Vas";"Neet Oét Lottum";"2004"
"Like a Prayer";"Madonna";"2009"
"Rockin' All Over The World";"Status Quo";"2005"
"Blue Hotel";"Chris Isaak";"2006"
"Dear Mr. President";"P!nk";"2009"
"Stiekem Gedanst";"Toontje Lager";"2008"
"Human";"The Killers";"2008"
"Lady Madonna - Remastered 2015";"The Beatles";"2000"
"Both Sides Now";"Joni Mitchell";"2000"
"God Is a DJ";"Faithless";"2005"
"Viva La Vida";"Coldplay";"2008"
"Kids";"MGMT";"2007"
"Bend & Break";"Keane";"2004"
"We Can Work It Out - Remastered 2015";"The Beatles";"2000"
"Sing for Absolution";"Muse";"2004"
"Superstition - Single Version";"Stevie Wonder";"2002"
"Vertigo";"U2";"2004"
"By the Way";"Red Hot Chili Peppers";"2002"
"Hey Jude";"The Beatles";"2006"
"November";"Rowwen Hèze";"2005"
"Geef Mij Je Angst";"Guus Meeuwis";"2006"
"Stuck In The Middle With You";"Stealers Wheel";"2009"
"Het Regent Zonnestralen";"Acda en de Munnik";"2005"
"Violet Hill";"Coldplay";"2008"
"Dog Days Are Over";"Florence + The Machine";"2009"
"Beautiful Day";"U2";"2000"
"Major Tom";"Peter Schilling";"2005"
"An End Has a Start";"Editors";"2007"
"Lost!";"Coldplay";"2008"
"What It Is";"Mark Knopfler";"2000"
"Blue Monday - 2016 Remaster";"New Order";"2005"
"Behind Blue Eyes";"Limp Bizkit";"2003"
"Rehab";"Amy Winehouse";"2006"
"Bird of Paradise";"Snowy White";"2003"
"I'm Yours";"Jason Mraz";"2008"
"Onderweg";"Abel";"2000"
"Mr. Bojangles - Single Version";"Sammy Davis Jr.";"2002"
"Unwritten";"Natasha Bedingfield";"2004"
"Resistance";"Muse";"2009"
"Bedshaped";"Keane";"2004"
"Mia";"Gorki";"2002"
"You Oughta Know";"Alanis Morissette";"2005"
"Overcome";"Live";"2001"
"Stand My Ground";"Within Temptation";"2004"
"Chasing Cars";"Snow Patrol";"2006"
"Dani California";"Red Hot Chili Peppers";"2006"
"Unfinished Sympathy";"Massive Attack";"2006"
"Nine Million Bicycles";"Katie Melua";"2005"
"You're Beautiful";"James Blunt";"2005"
"It's My Life";"Bon Jovi";"2000"
"Politik";"Coldplay";"2002"
"Mooie Dag";"BLØF";"2002"
"In Nije Dei";"De Kast";"2004"
"Sex on Fire";"Kings of Leon";"2008"
"Hallelujah";"Lisa Lois";"2009"
"Somewhere Only We Know";"Keane";"2004"
"Sunrise";"Simply Red";"2004"
"How You Remind Me";"Nickelback";"2001"
"When You Say Nothing At All";"Ronan Keating";"2000"
"Hard Sun";"Eddie Vedder";"2007"
"Belfast Child";"Simple Minds";"2008"
"Feel Good Inc.";"Gorillaz";"2005"
"Alles Is Liefde";"BLØF";"2007"
"Jerusalem";"Anouk";"2004"
"Mr Bojangles";"Robbie Williams";"2001"
"Tranen Gelachen";"Guus Meeuwis";"2007"
"When The Sun Goes Down";"Arctic Monkeys";"2006"
"Frozen";"Madonna";"2009"
"The Racing Rats";"Editors";"2007"
"Poker Face";"Lady Gaga";"2008"
"Life in Technicolor ii";"Coldplay";"2008"
"One";"Johnny Cash";"2000"
"Ruby";"Kaiser Chiefs";"2007"
"Het Land Van";"Lange Frans";"2005"
"Bad Romance";"Lady Gaga";"2009"
"Elevation";"U2";"2000"
"Trouble";"Coldplay";"2000"
"De Peel In Brand";"Rowwen Hèze";"2005"
"Black Betty";"Ram Jam";"2005"
"Wrong";"Novastar";"2000"
"Never Be Clever";"Herman Brood & His Wild Romance";"2001"
"Undisclosed Desires";"Muse";"2009"
"Auto Vliegtuug";"Rowwen Hèze";"2005"
"Meer Dan Een Ander";"Van Dik Hout";"2009"
"Brabant";"Guus Meeuwis";"2002"
"Mother Earth";"Within Temptation";"2003"
"One More Time";"Daft Punk";"2001"
"(You're The) Devil in Disguise";"Elvis Presley";"2002"
"TRUE - Single Edit";"Spandau Ballet";"2008"
"Make It Wit Chu";"Queens of the Stone Age";"2007"
"Bring Me To Life";"Evanescence";"2003"
"Clocks";"Coldplay";"2002"
"Farewell To The Fairground";"White Lies";"2009"
"Bliss";"Muse";"2001"
"Kijk Omhoog";"Nick & Simon";"2007"
"9 Crimes";"Damien Rice";"2006"
"Working On a Dream";"Bruce Springsteen";"2009"
"Nutbush City Limits";"Ike & Tina Turner";"2008"
"Do They Know It's Christmas? - 1984 Version";"Band Aid";"2004"
"Changes";"2Pac";"2007"
"Mag Ik Dan Bij Jou";"Claudia De Breij";"2010"
"Sterrenstof";"De Jeugd Van Tegenwoordig";"2010"
"Love Will Tear Us Apart - 2010 Remaster";"Joy Division";"2010"
"Mag Het Licht Uit";"De Dijk";"2010"
"Why Tell Me Why";"Anita Meyer";"2010"
"Wonderful Days";"Charly Lownoise";"2010"
"Dat Komt Door Jou";"Guus Meeuwis";"2010"
"Don't Give up the Fight";"Racoon";"2010"
"I Follow Rivers - Live @ Giel!";"Triggerfinger";"2010"
"Liverpool Rain";"Racoon";"2010"
"No Mercy";"Racoon";"2010"
"Peter Gunn Theme";"Emerson, Lake & Palmer";"2010"
"Alors on danse";"Stromae";"2010"
"The Eve of the War";"Jeff Wayne";"2010"
"A Night Like This";"Caro Emerald";"2010"
"Raise Your Glass";"P!nk";"2010"
"Verdammt ich lieb dich - Remastered";"Matthias Reim";"2010"
"Christmas Lights";"Coldplay";"2010"
"The Promise You Made";"Cock Robin";"2010"
"Back Home";"Golden Earring";"2010"
"Times Are Changing";"DI-RECT";"2010"
"Proosten";"Guus Meeuwis";"2010"
"Just the Way You Are";"Bruno Mars";"2010"
"Need You Now";"Lady Antebellum";"2010"
"Man Down";"Rihanna";"2010"
"Pyro";"Kings of Leon";"2010"
"You Got It";"Roy Orbison";"2010"
"Atmosphere - 2010 Remaster";"Joy Division";"2010"
"Grenade";"Bruno Mars";"2010"
"Have You Ever Been Mellow";"Party Animals";"2010"
"Back Down South";"Kings of Leon";"2010"
"Riverside";"Agnes Obel";"2010"
"Hold On Tight";"Solomon Burke";"2010"
"Someone Like You";"Adele";"2011"
"Set Fire to the Rain";"Adele";"2011"
"Rainbow In The Sky - K & A's Radio Blast";"DJ Paul Elstak";"2011"
"Levels";"Avicii";"2011"
"Somebody That I Used To Know";"Gotye";"2011"
"Paradise";"Coldplay";"2011"
"Rood";"Marco Borsato";"2011"
"A Boy Named Sue (Live)";"Johnny Cash";"2011"
"Still Loving You";"Scorpions";"2011"
"Little Black Submarines";"The Black Keys";"2011"
"Walk";"Foo Fighters";"2011"
"The A Team";"Ed Sheeran";"2011"
"kom terug";"Spinvis";"2011"
"Prachtig mooie dag";"Daniël Lohues";"2011"
"lippy kids";"Elbow";"2011"
"Titanium (feat. Sia)";"David Guetta";"2011"
"Faster";"Within Temptation";"2011"
"Lonely Boy";"The Black Keys";"2011"
"Turning Tables";"Adele";"2011"
"Luv U More - K&A's Radio blast";"DJ Paul";"2011"
"Kan Ik Iets Voor Je Doen";"De Dijk";"2011"
"Driver's Seat";"Sniff 'n' The Tears";"2011"
"Zing Voor Me";"Lange Frans";"2011"
"Every Teardrop Is a Waterfall";"Coldplay";"2011"
"Waarom Nou Jij";"Marco Borsato";"2011"
"Mijn Vlakke Land";"Jacques Brel";"2011"
"Rumour Has It";"Adele";"2011"
"Keep Your Head Up";"Ben Howard";"2011"
"Pumped Up Kicks";"Foster The People";"2011"
"Happiness";"Jonathan Jeremiah";"2011"
"Give Me Love";"Ed Sheeran";"2011"
"Gold on the Ceiling";"The Black Keys";"2011"
"Ni**as In Paris";"JAY-Z";"2011"
"Run the World (Girls)";"Beyoncé";"2011"
"I Won' T Let You Down";"Road Band";"2011"
"Love On Top";"Beyoncé";"2011"
"Lego House";"Ed Sheeran";"2011"
"Skinny Love";"Birdy";"2011"
"Dust Bowl";"Joe Bonamassa";"2011"
"Damn Those Eyes";"Kane";"2011"
"These Days";"Foo Fighters";"2011"
"Original Sin";"INXS";"2011"
"Terug Naar De Kust";"Maggie MacNeal";"2011"
"Georgia on My Mind";"Ray Charles";"2011"
"Charlie Brown";"Coldplay";"2011"
"I've Just Lost Somebody";"Golden Earring";"2011"
"Skyfall - Full Length";"Adele";"2012"
"Zo Stil";"BLØF";"2012"
"Holiday In Spain";"Counting Crows";"2012"
"Radioactive";"Imagine Dragons";"2012"
"Video Games - Remastered";"Lana Del Rey";"2012"
"Demons";"Imagine Dragons";"2012"
"She";"Elvis Costello";"2012"
"Just Give Me a Reason (feat. Nate Ruess)";"P!nk";"2012"
"Try";"P!nk";"2012"
"I Will Wait";"Mumford & Sons";"2012"
"Home Again";"Kensington";"2012"
"Tubular Bells";"Mike Oldfield";"2012"
"Winter";"Tori Amos";"2012"
"Droomland";"Andre Hazes";"2012"
"Wat Zou Je Doen?";"BLØF";"2012"
"Madness";"Muse";"2012"
"Sovereign Light Café";"Keane";"2012"
"Can't Hold Us - feat. Ray Dalton";"Macklemore & Ryan Lewis";"2012"
"Lover of the Light";"Mumford & Sons";"2012"
"San Quentin";"Johnny Cash";"2012"
"On Top Of The World";"Imagine Dragons";"2012"
"Flappie";"Youp van 't Hek";"2012"
"Home Again";"Michael Kiwanuka";"2012"
"If You Could See Me Now";"The Script";"2012"
"Hall of Fame";"The Script";"2012"
"Dodenrit";"Drs. P";"2012"
"When I Was Your Man";"Bruno Mars";"2012"
"I Won't Give Up";"Jason Mraz";"2012"
"Slapeloze Nachten";"The Opposites";"2012"
"One Moment in Time";"Whitney Houston";"2012"
"Zaterdag";"BLØF";"2012"
"Babel";"Mumford & Sons";"2012"
"Hopeless Wanderer";"Mumford & Sons";"2012"
"Follow the Sun";"Xavier Rudd";"2012"
"Later Als Ik Groter Ben";"BLØF";"2012"
"Clown";"Emeli Sandé";"2012"
"Stay - Album Version (Edited)";"Rihanna";"2012"
"Diamonds";"Rihanna";"2012"
"It's Time";"Imagine Dragons";"2012"
"Little Talks";"Of Monsters and Men";"2012"
"Euphoria";"Loreen";"2012"
"Oceaan";"Racoon";"2013"
"Lola Montez";"Volbeat";"2013"
"Wake Me Up";"Avicii";"2013"
"Formidable";"Stromae";"2013"
"Do I Wanna Know?";"Arctic Monkeys";"2013"
"Another Love";"Tom Odell";"2013"
"Hey Brother";"Avicii";"2013"
"I See Fire";"Ed Sheeran";"2013"
"This Is What It Feels Like";"Armin van Buuren";"2013"
"All of Me";"John Legend";"2013"
"Dansen Op De Vulkaan";"De Dijk";"2013"
"Witch Doctor";"De Staat";"2013"
"Diamonds";"The Boxer Rebellion";"2013"
"Let Her Go";"Passenger";"2013"
"Papaoutai";"Stromae";"2013"
"Strong";"London Grammar";"2013"
"Layla";"Derek & The Dominos";"2013"
"Pompeii";"Bastille";"2013"
"Waves";"Mr. Probz";"2013"
"Get Lucky (feat. Pharrell Williams & Nile Rodgers) - Radio Edit";"Daft Punk";"2013"
"All I Want";"Kodaline";"2013"
"Addicted To You";"Avicii";"2013"
"Animals";"Martin Garrix";"2013"
"Just Say Yes";"Snow Patrol";"2013"
"Watermensen";"3JS";"2013"
"Sky and Sand";"Paul Kalkbrenner";"2013"
"The Monster";"Eminem";"2013"
"Mirrors";"Justin Timberlake";"2013"
"Story of My Life";"One Direction";"2013"
"Royals";"Lorde";"2013"
"tous les mêmes";"Stromae";"2013"
"Mijn Van Straat Geredde Roos";"De Dijk";"2013"
"Love You Like I Love Myself";"Herman Brood & His Wild Romance";"2013"
"I Sat By The Ocean";"Queens of the Stone Age";"2013"
"Everybody (Backstreet's Back) - Radio Edit";"Backstreet Boys";"2013"
"A Ton of Love";"Editors";"2013"
"Foolish Games";"Jewel";"2013"
"Grow Old with Me";"Tom Odell";"2013"
"Things We Lost In The Fire";"Bastille";"2013"
"Blurred Lines";"Robin Thicke";"2013"
"The Road To Mandalay";"Robbie Williams";"2013"
"Iron Sky";"Paolo Nutini";"2014"
"A Sky Full of Stars";"Coldplay";"2014"
"Rolling In The Deep";"Adele";"2014"
"Streets";"Kensington";"2014"
"Thinking out Loud";"Ed Sheeran";"2014"
"Take Me to Church";"Hozier";"2014"
"Une belle histoire";"Michel Fugain";"2014"
"In Your Arms";"Chef'Special";"2014"
"Born Slippy (Nuxx)";"Underworld";"2014"
"War";"Kensington";"2014"
"Op 't platteland";"Daniël Lohues";"2014"
"Happy - From ''Despicable Me 2''";"Pharrell Williams";"2014"
"Calm After The Storm";"The Common Linnets";"2014"
"Riddles";"Kensington";"2014"
"Under The Pressure";"The War On Drugs";"2014"
"Magic";"Coldplay";"2014"
"Photograph";"Ed Sheeran";"2014"
"All For Nothing";"Kensington";"2014"
"My Silver Lining";"First Aid Kit";"2014"
"Zandloper";"Typhoon";"2014"
"Home";"Dotan";"2014"
"Red Eyes";"The War On Drugs";"2014"
"L'amour Toujours (Small Mix)";"Gigi D'Agostino";"2014"
"See Me, Feel Me - Single Version";"The Who";"2014"
"Hemel Valt";"Typhoon";"2014"
"Glycerine";"Bush";"2014"
"Wit Licht";"Jeroen van Koningsbrugge";"2014"
"Yellow Submarine";"The Beatles";"2014"
"California Love";"2Pac";"2014"
"Superheroes";"The Script";"2014"
"Stay With Me";"Sam Smith";"2014"
"Shake It Off";"Taylor Swift";"2014"
"Looking Too Closely";"Fink";"2014"
"No Good in Goodbye";"The Script";"2014"
"Counting Stars";"OneRepublic";"2014"
"Time After Time";"Cyndi Lauper";"2014"
"Sexy Als Ik Dans";"Nielson";"2014"
"Done With It";"Kensington";"2014"
"Love Never Felt So Good";"Michael Jackson";"2014"
"Shut Up and Dance";"WALK THE MOON";"2014"
"Nothing Really Matters";"Mr. Probz";"2014"
"Promises of No Man's Land";"Blaudzun";"2014"
"Let It Go";"James Bay";"2014"
"The Sound of Silence";"Disturbed";"2015"
"Het Dorp - Live";"Wim Sonneveld";"2015"
"Psycho";"Muse";"2015"
"Élan";"Nightwish";"2015"
"Dat Ik Je Mis";"Maaike Ouboter";"2015"
"Heading Up High";"Armin van Buuren";"2015"
"Zeg Maar Niets Meer - Remastered";"Andre Hazes";"2015"
"Chandelier";"Sia";"2015"
"Uptown Funk";"Mark Ronson";"2015"
"Birds";"Anouk";"2015"
"Michel";"Anouk";"2015"
"Let It Happen";"Tame Impala";"2015"
"Everglow";"Coldplay";"2015"
"The Less I Know The Better";"Tame Impala";"2015"
"Ordinary Love";"U2";"2015"
"Stressed Out";"Twenty One Pilots";"2015"
"For Bitter Or Worse";"Anouk";"2015"
"All I Need - Edit";"Air";"2015"
"Hymn for the Weekend";"Coldplay";"2015"
"Adventure of a Lifetime";"Coldplay";"2015"
"Three Days In A Row";"Anouk";"2015"
"Moondance";"Van Morrison";"2015"
"R U Kiddin' Me";"Anouk";"2015"
"Theme From New York, New York";"Frank Sinatra";"2015"
"Hold Me";"Douwe Bob";"2015"
"Budapest";"George Ezra";"2015"
"Shoes of Lightning";"Racoon";"2015"
"Mercy";"Muse";"2015"
"Tennessee Whiskey";"Chris Stapleton";"2015"
"Oxygene, Pt. 4";"Jean-Michel Jarre";"2015"
"A Head Full of Dreams";"Coldplay";"2015"
"We Come 1 - Radio Edit";"Faithless";"2015"
"Forever Man - 2015 Remaster";"Eric Clapton";"2015"
"Down Man";"Brainbox";"2015"
"Liquid Spirit - Claptone Remix";"Gregory Porter";"2015"
"Living Doll - 2003 Remaster";"Cliff Richard & The Drifters";"2015"
"Ocean of Night";"Editors";"2015"
"Be the One";"Dua Lipa";"2015"
"Up&Up";"Coldplay";"2015"
"Ship To Wreck";"Florence + The Machine";"2015"
"Love Yourself";"Justin Bieber";"2015"
"Happy Xmas (War Is Over)";"John Lennon";"2015"
"Sorry";"Kensington";"2016"
"Cold Little Heart";"Michael Kiwanuka";"2016"
"Barcelona";"Freddie Mercury";"2016"
"Leef";"André Hazes Jr.";"2016"
"Hello";"Adele";"2016"
"Against All Odds (Take a Look at Me Now) - 2016 Remaster";"Phil Collins";"2016"
"Treur Niet (Ode Aan Het Leven)";"Diggy Dex";"2016"
"When We Were Young";"Adele";"2016"
"Do I Ever";"Kensington";"2016"
"CAN'T STOP THE FEELING! (Original Song from DreamWorks Animation's ''TROLLS'')";"Justin Timberlake";"2016"
"Whatever You Want";"Status Quo";"2016"
"Lazarus";"David Bowie";"2016"
"Million Years Ago";"Adele";"2016"
"Dark Necessities";"Red Hot Chili Peppers";"2016"
"You Want It Darker";"Leonard Cohen";"2016"
"Bridges";"Kensington";"2016"
"Once Upon a Time in the West - Main Theme";"Ennio Morricone";"2016"
"Mooi";"Marco Borsato";"2016"
"I Just Can't Help Believin'";"Elvis Presley";"2016"
"Love & Hate";"Michael Kiwanuka";"2016"
"New Gold Dream (81/82/83/84)";"Simple Minds";"2016"
"Disco Inferno";"The Trammps";"2016"
"Someone Somewhere (In Summertime)";"Simple Minds";"2016"
"24K Magic";"Bruno Mars";"2016"
"Blackstar";"David Bowie";"2016"
"Water Under the Bridge";"Adele";"2016"
"All I Ask";"Adele";"2016"
"The Life I Live";"Q'65";"2016"
"We All Stand Together - Remastered 2016";"Paul McCartney";"2016"
"Heathens";"Twenty One Pilots";"2016"
"Jacob’s Song";"Douwe Bob";"2016"
"Way Down We Go";"KALEO";"2016"
"7 Years";"Lukas Graham";"2016"
"Forbidden Colours";"Ryuichi Sakamoto";"2016"
"The Book Of Love";"Gavin James";"2016"
"Zoutelande - feat. Geike";"BLØF";"2017"
"Pokémon Theme-New Studio Recording";"Jason Paige";"2017"
"Perfect";"Ed Sheeran";"2017"
"Thriller";"Michael Jackson";"2017"
"Boulevard of Broken Dreams";"Green Day";"2017"
"What About Us";"P!nk";"2017"
"Shape of You";"Ed Sheeran";"2017"
"Believer";"Imagine Dragons";"2017"
"Human";"Rag'n'Bone Man";"2017"
"Het het nog nooit zo donker west";"Ede Staal";"2017"
"Castle on the Hill";"Ed Sheeran";"2017"
"Sign of the Times";"Harry Styles";"2017"
"In the Blood";"John Mayer";"2017"
"Nao ’t Zuuje";"Lex Uiting";"2017"
"Roll Over Lay Down - Live At The Kursaal, Southend / 1975";"Status Quo";"2017"
"Whatever It Takes";"Imagine Dragons";"2017"
"Amigo";"Chef'Special";"2017"
"Iederene Hef Een Reden";"Bökkers";"2017"
"Everything Now";"Arcade Fire";"2017"
"Sorry";"Nothing But Thieves";"2017"
"One More Light";"Linkin Park";"2017"
"Through the Barricades - Remastered";"Spandau Ballet";"2017"
"Freedom! '90 - Remastered";"George Michael";"2017"
"Amsterdam";"Nothing But Thieves";"2017"
"Something Just Like This";"The Chainsmokers";"2017"
"Thunder";"Imagine Dragons";"2017"
"Thinking Of A Place";"The War On Drugs";"2017"
"Happier";"Ed Sheeran";"2017"
"Galway Girl";"Ed Sheeran";"2017"
"Sunny Days";"Armin van Buuren";"2017"
"Supermarket Flowers";"Ed Sheeran";"2017"
"Holiday";"Green Day";"2017"
"Max";"Paolo Conte";"2017"
"Rapper's Delight";"The Sugarhill Gang";"2017"
"Pain";"The War On Drugs";"2017"
"Love On The Rocks";"Neil Diamond";"2017"
"Tuesday Afternoon (Forever Afternoon)";"The Moody Blues";"2017"
"Magnificent (She Says)";"Elbow";"2017"
"Nicotine";"Chef'Special";"2017"
"Homesick";"Dua Lipa";"2017"
"Beautiful Trauma";"P!nk";"2017"
"World Gone Mad";"Bastille";"2017"
"Leave a Light On";"Tom Walker";"2017"
"Skin";"Rag'n'Bone Man";"2017"
"Lost on You";"LP";"2017"
"Shallow";"Lady Gaga";"2018"
"Kleine Jongen";"Andre Hazes";"2018"
"Duurt Te Lang";"Davina Michelle";"2018"
"I Want To Break Free";"Queen";"2018"
"September";"Earth, Wind & Fire";"2018"
"Voor Haar";"Frans Halsema";"2018"
"Testament";"Boudewijn de Groot";"2018"
"Atemlos durch die Nacht";"Helene Fischer";"2018"
"Zij Gelooft In Mij";"Andre Hazes";"2018"
"Verdronken Vlinder";"Boudewijn de Groot";"2018"
"Als Het Avond Is";"Suzan & Freek";"2018"
"De Vlieger";"Andre Hazes";"2018"
"Geef Mij Je Angst";"Andre Hazes";"2018"
"Natural";"Imagine Dragons";"2018"
"IJskoud";"Nielson";"2018"
"Welterusten Mijnheer De President";"Boudewijn de Groot";"2018"
"Jimmy";"Boudewijn de Groot";"2018"
"Bad Liar";"Imagine Dragons";"2018"
"Sammy";"Ramses Shaffy";"2018"
"High Hopes";"Panic! At The Disco";"2018"
"Het Land Van Maas En Waal";"Boudewijn de Groot";"2018"
"Shotgun";"George Ezra";"2018"
"New Light";"John Mayer";"2018"
"You Say";"Lauren Daigle";"2018"
"Een Beetje Verliefd";"Andre Hazes";"2018"
"Someone You Loved";"Lewis Capaldi";"2018"
"Banger Hart - Radio Mix";"Rob De Nijs";"2018"
"Malle Babbe";"Rob De Nijs";"2018"
"Vluchten Kan Niet Meer";"Frans Halsema";"2018"
"Faded";"Alan Walker";"2018"
"High On Life (feat. Bonn)";"Martin Garrix";"2018"
"Het Is Koud Zonder Jou";"Andre Hazes";"2018"
"N Vriend";"Andre Hazes";"2018"
"Always Remember Us This Way";"Lady Gaga";"2018"
"Een Meisje Van Zestien";"Boudewijn de Groot";"2018"
"Why Don't You Do Right";"Beth Hart";"2018"
"De Zon Op";"Diggy Dex";"2018"
"Youngblood";"5 Seconds of Summer";"2018"
"Prikkebeen";"Boudewijn de Groot";"2018"
"Outlaw In 'Em";"Waylon";"2018"
"Als De Rook Om Je Hoofd Is Verdwenen";"Boudewijn de Groot";"2018"
"Skandal im Sperrbezirk";"Spider Murphy Gang";"2018"
"Pain and Misery";"The Teskey Brothers";"2018"
"I Do";"Douwe Bob";"2018"
"Het Laatste Rondje - Remastered";"Andre Hazes";"2018"
"Guiding Light";"Mumford & Sons";"2018"
"Havana (feat. Young Thug)";"Camila Cabello";"2018"
"Hou Vol Hou Vast";"BLØF";"2018"
"One Kiss (with Dua Lipa)";"Calvin Harris";"2018"
"Nothing Breaks Like a Heart (feat. Miley Cyrus)";"Mark Ronson";"2018"
"Lay Your Weapons Down";"Ilse DeLange";"2018"
"In My Blood";"Shawn Mendes";"2018"
"Roller Coaster";"Danny Vera";"2019"
"Arcade";"Duncan Laurence";"2019"
"A Whiter Shade of Pale - Original Single Version";"Procol Harum";"2019"
"Don't You (Forget About Me)";"Simple Minds";"2019"
"The Load-Out - Remastered";"Jackson Browne";"2019"
"Stay - Remastered";"Jackson Browne";"2019"
"Last Christmas";"Wham!";"2019"
"Time To Give";"White Lies";"2019"
"bad guy";"Billie Eilish";"2019"
"Memories";"Maroon 5";"2019"
"Love Like Blood";"Killing Joke";"2019"
"Reünie";"Snelle";"2019"
"About A Girl - Live Version";"Nirvana";"2019"
"DEUTSCHLAND";"Rammstein";"2019"
"Phantom Of The Opera";"Floor Jansen";"2019"
"Dance Monkey";"Tones and I";"2019"
"Blauwe Dag";"Suzan & Freek";"2019"
"Homburg - Single Version - 2009 Remaster - Mono";"Procol Harum";"2019"
"Uncharted";"Kensington";"2019"
"Despacito";"Luis Fonsi";"2019"
"Dancing On My Own";"Calum Scott";"2019"
"Child in Time";"Deep Purple";"1970"
"Let It Be - Remastered 2009";"The Beatles";"1970"
"Bridge Over Troubled Water";"Simon & Garfunkel";"1970"
"Paranoid - 2016 Remaster";"Black Sabbath";"1970"
"Have You Ever Seen The Rain";"Creedence Clearwater Revival";"1970"
"Your Song";"Elton John";"1970"
"The Boxer";"Simon & Garfunkel";"1970"
"Du";"Peter Maffay";"1970"
"I Walk the Line";"Johnny Cash";"1970"
"Samba Pa Ti";"Santana";"1970"
"Immigrant Song - Remaster";"Led Zeppelin";"1970"
"Who'll Stop The Rain";"Creedence Clearwater Revival";"1970"
"Our House";"Crosby, Stills, Nash & Young";"1970"
"Teach Your Children";"Crosby, Stills, Nash & Young";"1970"
"The Long And Winding Road - Remastered 2009";"The Beatles";"1970"
"Father And Son";"Yusuf / Cat Stevens";"1970"
"Almost Cut My Hair";"Crosby, Stills, Nash & Young";"1970"
"El Condor Pasa (If I Could)";"Simon & Garfunkel";"1970"
"Question";"The Moody Blues";"1970"
"I Heard It Through The Grapevine";"Creedence Clearwater Revival";"1970"
"Since I've Been Loving You - 1990 Remaster";"Led Zeppelin";"1970"
"Get Back - Remastered 2009";"The Beatles";"1970"
"The Man Who Sold the World - 2015 Remaster";"David Bowie";"1970"
"Long As I Can See The Light";"Creedence Clearwater Revival";"1970"
"Roadhouse Blues";"The Doors";"1970"
"My Sweet Lord";"George Harrison";"1970"
"Memories";"Earth & Fire";"1970"
"Cecilia";"Simon & Garfunkel";"1970"
"Fire and Rain";"James Taylor";"1970"
"Lookin' Out My Back Door";"Creedence Clearwater Revival";"1970"
"25 or 6 to 4 - 2002 Remaster";"Chicago";"1970"
"Working Class Hero - Remastered 2010 / Lennon Legend Version";"John Lennon";"1970"
"Lucky Man - 2012 Remastered Version";"Emerson, Lake & Palmer";"1970"
"Into the Mystic - 2013 Remaster";"Van Morrison";"1970"
"Carry On";"Crosby, Stills, Nash & Young";"1970"
"(They Long To Be) Close To You";"Carpenters";"1970"
"Move On Up";"Curtis Mayfield";"1970"
"Tears In The Morning - Remastered 2009";"The Beach Boys";"1970"
"Up Around The Bend";"Creedence Clearwater Revival";"1970"
"Southern Man - 2009 Remaster";"Neil Young";"1970"
"Stairway to Heaven - Remaster";"Led Zeppelin";"1971"
"Imagine - Remastered";"John Lennon";"1971"
"Riders on the Storm";"The Doors";"1971"
"Echoes";"Pink Floyd";"1971"
"Vincent";"Don McLean";"1971"
"Me and Bobby McGee";"Janis Joplin";"1971"
"Baba O'Riley";"The Who";"1971"
"Life on Mars? - 2015 Remaster";"David Bowie";"1971"
"I Am...I Said - Single Version";"Neil Diamond";"1971"
"Ain't No Sunshine";"Bill Withers";"1971"
"Wild Horses";"The Rolling Stones";"1971"
"L.A. Woman";"The Doors";"1971"
"What's Going On";"Marvin Gaye";"1971"
"Halo of Flies";"Alice Cooper";"1971"
"American Pie";"Don McLean";"1971"
"Tiny Dancer";"Elton John";"1971"
"Morning Has Broken";"Yusuf / Cat Stevens";"1971"
"One Way Wind";"The Cats";"1971"
"One of These Days";"Pink Floyd";"1971"
"Nothing Rhymed";"Gilbert O'Sullivan";"1971"
"Brown Sugar - Remastered";"The Rolling Stones";"1971"
"You've Got a Friend";"Carole King";"1971"
"Locomotive Breath";"Jethro Tull";"1971"
"She Flies On Strange Wings";"Golden Earring";"1971"
"Changes - 2015 Remaster";"David Bowie";"1971"
"Mercedes Benz";"Janis Joplin";"1971"
"Honky Tonk Women - Mono Version";"The Rolling Stones";"1971"
"You've Got a Friend";"James Taylor";"1971"
"Cry Baby";"Janis Joplin";"1971"
"Storm And Thunder";"Earth & Fire";"1971"
"Roundabout - 2003 Remaster";"Yes";"1971"
"Maggie May";"Rod Stewart";"1971"
"Won't Get Fooled Again - Original Album Version";"The Who";"1971"
"After Midnight";"J.J. Cale";"1971"
"Give Up Your Guns";"The Buoys";"1971"
"Love Her Madly";"The Doors";"1971"
"Rock and Roll - Remaster";"Led Zeppelin";"1971"
"Black Dog - Remaster";"Led Zeppelin";"1971"
"Call Me The Breeze";"J.J. Cale";"1971"
"Famous Blue Raincoat";"Leonard Cohen";"1971"
"Behind Blue Eyes";"The Who";"1971"
"Yours Is No Disgrace - 2003 Remaster";"Yes";"1971"
"See Emily Play";"Pink Floyd";"1971"
"Smoke on the Water";"Deep Purple";"1972"
"Perfect Day";"Lou Reed";"1972"
"Rocket Man (I Think It's Going To Be A Long, Long Time)";"Elton John";"1972"
"Heart of Gold - 2009 Remaster";"Neil Young";"1972"
"Starman - 2012 Remaster";"David Bowie";"1972"
"Take It Easy - 2013 Remaster";"Eagles";"1972"
"A Horse with No Name";"America";"1972"
"Time In A Bottle";"Jim Croce";"1972"
"Lola - Live";"The Kinks";"1972"
"Easy Livin'";"Uriah Heep";"1972"
"Ben - Single Version";"Michael Jackson";"1972"
"Walk On the Wild Side";"Lou Reed";"1972"
"She's A Rainbow - Full Version / With Intro";"The Rolling Stones";"1972"
"You're so Vain";"Carly Simon";"1972"
"Ziggy Stardust - 2012 Remaster";"David Bowie";"1972"
"Whiskey In The Jar";"Thin Lizzy";"1972"
"Listen to the Music";"The Doobie Brothers";"1972"
"Top Of The World";"Carpenters";"1972"
"School's Out";"Alice Cooper";"1972"
"A Thing Called Love";"Johnny Cash";"1972"
"Harvest - 2009 Remaster";"Neil Young";"1972"
"Sylvia's Mother";"Dr. Hook";"1972"
"Close to the Edge (i. The Solid Time of Change, ii. Total Mass Retain, iii. I Get up I Get Down, iv. Seasons of Man) - 2003 Remaster";"Yes";"1972"
"Ventura Highway";"America";"1972"
"Witchy Woman - Eagles 2013 Remaster";"Eagles";"1972"
"Song Sung Blue - Single Version";"Neil Diamond";"1972"
"Sylvia";"Focus";"1972"
"Peaceful Easy Feeling - Eagles 2013 Remaster";"Eagles";"1972"
"Do It Again";"Steely Dan";"1972"
"Radar Love";"Golden Earring";"1973"
"Angie";"The Rolling Stones";"1973"
"Desperado - 2013 Remaster";"Eagles";"1973"
"Dream On";"Aerosmith";"1973"
"Time";"Pink Floyd";"1973"
"Free Bird";"Lynyrd Skynyrd";"1973"
"Money";"Pink Floyd";"1973"
"Always On My Mind";"Elvis Presley";"1973"
"The Great Gig in the Sky";"Pink Floyd";"1973"
"La Grange - 2005 Remaster";"ZZ Top";"1973"
"Leaving, On a Jet Plane - ''Greatest Hits'' Version";"John Denver";"1973"
"Us and Them";"Pink Floyd";"1973"
"Firth of Fifth - New Stereo Mix";"Genesis";"1973"
"Band On The Run - Remastered 2010";"Paul McCartney";"1973"
"Sebastian - 2012 Remaster";"Steve Harley & Cockney Rebel";"1973"
"Tequila Sunrise - 2013 Remaster";"Eagles";"1973"
"Knockin' On Heaven's Door - Remastered";"Bob Dylan";"1973"
"Burning Love";"Elvis Presley";"1973"
"Goodbye Yellow Brick Road - Remastered 2014";"Elton John";"1973"
"Midnight Train to Georgia";"Gladys Knight & The Pips";"1973"
"Daniel";"Elton John";"1973"
"The Joker";"Steve Miller Band";"1973"
"Long Train Runnin'";"The Doobie Brothers";"1973"
"I'll Have To Say I Love You In A Song";"Jim Croce";"1973"
"The Jean Genie - 2013 Remaster";"David Bowie";"1973"
"Merry Xmas Everybody";"Slade";"1973"
"Woman from Tokyo";"Deep Purple";"1973"
"Don't Let Me Down - Remastered 2009";"The Beatles";"1973"
"Let's Get It On";"Marvin Gaye";"1973"
"School";"Supertramp";"1974"
"Jolene";"Dolly Parton";"1974"
"Killer Queen - 2011 Mix";"Queen";"1974"
"Sweet Home Alabama";"Lynyrd Skynyrd";"1974"
"Waterloo";"ABBA";"1974"
"Annie's Song";"John Denver";"1974"
"Dreamer";"Supertramp";"1974"
"You Are So Beautiful";"Joe Cocker";"1974"
"My Boy";"Elvis Presley";"1974"
"Rebel Rebel - 2016 Remaster";"David Bowie";"1974"
"Crime Of The Century";"Supertramp";"1974"
"Autobahn - 2009 Remaster";"Kraftwerk";"1974"
"I Will Always Love You";"Dolly Parton";"1974"
"Thank God I'm a Country Boy";"John Denver";"1974"
"The Air That I Breathe - 2008 Remaster";"The Hollies";"1974"
"Love Is All";"Roger Glover";"1974"
"Hide In Your Shell";"Supertramp";"1974"
"Gute Nacht Freunde";"Reinhard Mey";"1974"
"Fox On The Run";"Sweet";"1974"
"You Ain't Seen Nothing Yet";"Bachman-Turner Overdrive";"1974"
"Mandy";"Barry Manilow";"1974"
"Can't Get It out of My Head";"Electric Light Orchestra";"1974"
"The Way We Were";"Barbra Streisand";"1974"
"Bohemian Rhapsody - 2011 Mix";"Queen";"1975"
"Love Of My Life - Remastered 2011";"Queen";"1975"
"Shine On You Crazy Diamond (Pts. 1-5)";"Pink Floyd";"1975"
"Born to Run";"Bruce Springsteen";"1975"
"Kashmir - 1990 Remaster";"Led Zeppelin";"1975"
"No Woman, No Cry - Live At The Lyceum, London/1975";"Bob Marley & The Wailers";"1975"
"One of These Nights - 2013 Remaster";"Eagles";"1975"
"Mamma Mia";"ABBA";"1975"
"Landslide";"Fleetwood Mac";"1975"
"Thunder Road";"Bruce Springsteen";"1975"
"I'm Not In Love";"10cc";"1975"
"Rhiannon";"Fleetwood Mac";"1975"
"Lyin' Eyes - 2013 Remaster";"Eagles";"1975"
"You're My Best Friend - Remastered 2011";"Queen";"1975"
"Jungleland";"Bruce Springsteen";"1975"
"Love Hurts";"Nazareth";"1975"
"Down Down";"Status Quo";"1975"
"Sailing";"Rod Stewart";"1975"
"39 - 2011 Mix";"Queen";"1975"
"Calypso";"John Denver";"1975"
"50 Ways to Leave Your Lover";"Paul Simon";"1975"
"It's A Long Way There - 2010 Digital Remaster";"Little River Band";"1975"
"Crazy On You";"Heart";"1975"
"Wij Zullen Doorgaan - 1975 Single Version";"Ramses Shaffy";"1975"
"Make Me Smile (Come up and See Me) - 2014 Remaster";"Steve Harley";"1975"
"House For Sale";"Lucifer";"1975"
"S.O.S.";"ABBA";"1975"
"Nights On Broadway";"Bee Gees";"1975"
"At Seventeen - Remastered";"Janis Ian";"1975"
"Take It to the Limit - 2013 Remaster";"Eagles";"1975"
"Fame - 2016 Remaster";"David Bowie";"1975"
"Sex Machine - Pt. 1 & 2";"James Brown";"1975"
"Show Me The Way";"Peter Frampton";"1975"
"Meeting Across the River";"Bruce Springsteen";"1975"
"Love Is The Drug";"Roxy Music";"1975"
"Still Crazy After All These Years";"Paul Simon";"1975"
"Hotel California - 2013 Remaster";"Eagles";"1976"
"Somebody To Love - 2011 Mix";"Queen";"1976"
"Dancing Queen";"ABBA";"1976"
"The Last Resort - 2013 Remaster";"Eagles";"1976"
"Hurricane";"Bob Dylan";"1976"
"More Than a Feeling";"Boston";"1976"
"(Don't Fear) The Reaper";"Blue Öyster Cult";"1976"
"New Kid in Town - 2013 Remaster";"Eagles";"1976"
"If You Leave Me Now";"Chicago";"1976"
"Wild Is the Wind - 2016 Remaster";"David Bowie";"1976"
"Tie Your Mother Down - Remastered 2011";"Queen";"1976"
"Fernando";"ABBA";"1976"
"Knowing Me, Knowing You";"ABBA";"1976"
"Fool To Cry - Remastered 2009";"The Rolling Stones";"1976"
"Carry on Wayward Son";"Kansas";"1976"
"New York State of Mind";"Billy Joel";"1976"
"Golden Years - 2016 Remaster";"David Bowie";"1976"
"Isn't She Lovely";"Stevie Wonder";"1976"
"I Wish";"Stevie Wonder";"1976"
"Tom Traubert's Blues (Four Sheets To The Wind In Copenhagen)";"Tom Waits";"1976"
"The Boys Are Back In Town";"Thin Lizzy";"1976"
"Livin' Thing";"Electric Light Orchestra";"1976"
"Sir Duke";"Stevie Wonder";"1976"
"Blitzkrieg Bop - 2016 Remaster";"Ramones";"1976"
"Fly Like An Eagle";"Steve Miller Band";"1976"
"Blinded By The Light";"Manfred Mann's Earth Band";"1976"
"Cocaine";"J.J. Cale";"1976"
"The Ballroom Blitz";"Sweet";"1976"
"Money, Money, Money";"ABBA";"1976"
"Wasted Time - 2013 Remaster";"Eagles";"1976"
"Theme From Mahogany (Do You Know Where You're Going To) - Single Version";"Diana Ross";"1976"
"Heroes - 2017 Remaster";"David Bowie";"1977"
"Paradise By the Dashboard Light";"Meat Loaf";"1977"
"Go Your Own Way - 2004 Remaster";"Fleetwood Mac";"1977"
"Mr. Blue Sky";"Electric Light Orchestra";"1977"
"Fool's Overture";"Supertramp";"1977"
"Whole Lotta Rosie";"AC/DC";"1977"
"We Will Rock You - Remastered";"Queen";"1977"
"The Chain - 2004 Remaster";"Fleetwood Mac";"1977"
"Three Little Birds";"Bob Marley & The Wailers";"1977"
"We Are The Champions - Remastered 2011";"Queen";"1977"
"She's Always a Woman";"Billy Joel";"1977"
"Worn Down Piano";"The Mark & Clark Band";"1977"
"Dust in the Wind";"Kansas";"1977"
"Bat Out of Hell";"Meat Loaf";"1977"
"Solsbury Hill";"Peter Gabriel";"1977"
"Thank You For The Music";"ABBA";"1977"
"Wonderful Tonight";"Eric Clapton";"1977"
"Lust For Life";"Iggy Pop";"1977"
"She's Not There";"Santana";"1977"
"Stayin' Alive";"Bee Gees";"1977"
"Psycho Killer - 2005 Remaster";"Talking Heads";"1977"
"Fantasy";"Earth, Wind & Fire";"1977"
"Songbird - 2004 Remaster";"Fleetwood Mac";"1977"
"Let There Be Rock";"AC/DC";"1977"
"Don't Stop - 2004 Remaster";"Fleetwood Mac";"1977"
"I Feel Love";"Donna Summer";"1977"
"The Passenger";"Iggy Pop";"1977"
"Het Werd Zomer";"Rob De Nijs";"1977"
"Take A Chance On Me";"ABBA";"1977"
"Give A Little Bit";"Supertramp";"1977"
"Sound and Vision - 2017 Remaster";"David Bowie";"1977"
"Spread Your Wings - 2011 Mix";"Queen";"1977"
"You Took The Words Right Out of My Mouth (Hot Summer Night)";"Meat Loaf";"1977"
"Two Out of Three Ain't Bad";"Meat Loaf";"1977"
"Cocaine";"Eric Clapton";"1977"
"Barracuda";"Heart";"1977"
"One Love / People Get Ready - Medley";"Bob Marley & The Wailers";"1977"
"Cold as Ice";"Foreigner";"1977"
"The Name Of The Game";"ABBA";"1977"
"Mannish Boy";"Muddy Waters";"1977"
"I Want You to Want Me";"Cheap Trick";"1977"
"Scenes from an Italian Restaurant";"Billy Joel";"1977"
"God Save the Queen";"Sex Pistols";"1977"
"La vie en rose";"Grace Jones";"1977"
"Spanish Stroll";"Mink DeVille";"1977"
"Le Freak - 2018 Remaster";"CHIC";"1977"
"Lovely Day";"Bill Withers";"1977"
"Isn't It Time";"The Babys";"1977"
"Just the Way You Are";"Billy Joel";"1977"
"Anarchy in the U.K.";"Sex Pistols";"1977"
"You Make Loving Fun - 2004 Remaster";"Fleetwood Mac";"1977"
"Sultans of Swing";"Dire Straits";"1978"
"Don't Stop Me Now - 2011 Mix";"Queen";"1978"
"Laat Me";"Ramses Shaffy";"1978"
"Wuthering Heights";"Kate Bush";"1978"
"Saturday Night";"Herman Brood & His Wild Romance";"1978"
"Roxanne";"The Police";"1978"
"Hold the Line";"TOTO";"1978"
"The Man with the Child in His Eyes";"Kate Bush";"1978"
"Badlands";"Bruce Springsteen";"1978"
"Baker Street";"Gerry Rafferty";"1978"
"Dreadlock Holiday";"10cc";"1978"
"Fat Bottomed Girls - Single Version";"Queen";"1978"
"Runnin' with the Devil - 2015 Remaster";"Van Halen";"1978"
"Bicycle Race - Remastered 2011";"Queen";"1978"
"Follow You Follow Me - 2007 Remaster";"Genesis";"1978"
"So Lonely";"The Police";"1978"
"How You Gonna See Me Now";"Alice Cooper";"1978"
"Miss You - Remastered";"The Rolling Stones";"1978"
"Stir It Up - Live At The Pavillon De Paris, 1977";"Bob Marley & The Wailers";"1978"
"Is This Love";"Bob Marley & The Wailers";"1978"
"Because the Night";"Patti Smith";"1978"
"What a Fool Believes";"The Doobie Brothers";"1978"
"Still Believe";"Herman Brood & His Wild Romance";"1978"
"Rivers of Babylon";"Boney M.";"1978"
"Don't Look Back";"Boston";"1978"
"Beast Of Burden - Remastered";"The Rolling Stones";"1978"
"Honesty";"Billy Joel";"1978"
"Born to Be Alive - Original Mix 79";"Patrick Hernandez";"1978"
"Fire";"The Pointer Sisters";"1978"
"You Don't Bring Me Flowers";"Neil Diamond";"1978"
"Water of Love";"Dire Straits";"1978"
"Comfortably Numb";"Pink Floyd";"1979"
"Highway to Hell";"AC/DC";"1979"
"Another Brick in the Wall, Pt. 2";"Pink Floyd";"1979"
"The Rose";"Bette Midler";"1979"
"The Logical Song - Remastered 2010";"Supertramp";"1979"
"I Was Made For Lovin' You";"KISS";"1979"
"Gimme! Gimme! Gimme! (A Man After Midnight)";"ABBA";"1979"
"Message In A Bottle";"The Police";"1979"
"Hey You";"Pink Floyd";"1979"
"One Step Beyond";"Madness";"1979"
"Chiquitita";"ABBA";"1979"
"Does Your Mother Know";"ABBA";"1979"
"How Deep Is Your Love";"Bee Gees";"1979"
"Bright Eyes";"Art Garfunkel";"1979"
"Take The Long Way Home - 2010 Remastered";"Supertramp";"1979"
"Breakfast In America - Remastered";"Supertramp";"1979"
"I Have A Dream";"ABBA";"1979"
"Boogie Wonderland";"Earth, Wind & Fire";"1979"
"Boys Don't Cry - Single Version";"The Cure";"1979"
"Voulez-Vous";"ABBA";"1979"
"September Morn";"Neil Diamond";"1979"
"MacArthur Park - Single Version";"Donna Summer";"1979"
"Don't Stop 'Til You Get Enough - Single Version";"Michael Jackson";"1979"
"London Calling - Remastered";"The Clash";"1979"
"Night Boat to Cairo";"Madness";"1979"
"Goodbye Stranger - 2010 Remastered";"Supertramp";"1979"
"Walking On The Moon";"The Police";"1979"
"Don't Bring Me Down";"Electric Light Orchestra";"1979"
"Tragedy";"Bee Gees";"1979"
"Off the Wall";"Michael Jackson";"1979"
"The Worker";"Fischer-Z";"1979"
"Sure Know Something";"KISS";"1979"
"Relight My Fire - Single Version";"Dan Hartman";"1979"
"Weekend Love";"Golden Earring";"1979"
"More Than A Woman - From ''Saturday Night Fever'' Soundtrack";"Bee Gees";"1979"
"Rock with You - Single Version";"Michael Jackson";"1979"
"Weekend";"Earth & Fire";"1979"
"Dancin' Fool";"Frank Zappa";"1979"
"We Belong to the Night";"Ellen Foley";"1979"
"Sausolito Summernight - Digitally Remastered 2017";"Diesel";"1979"
"The River";"Bruce Springsteen";"1980"
"A Forest - Remastered Version";"The Cure";"1980"
"The Winner Takes It All";"ABBA";"1980"
"Ace of Spades";"Motörhead";"1980"
"Another One Bites The Dust - Remastered 2011";"Queen";"1980"
"Back In Black";"AC/DC";"1980"
"Romeo and Juliet";"Dire Straits";"1980"
"Redemption Song";"Bob Marley & The Wailers";"1980"
"You Shook Me All Night Long";"AC/DC";"1980"
"Crazy Little Thing Called Love - Remastered 2011";"Queen";"1980"
"Lay All Your Love On Me";"ABBA";"1980"
"Long Blond Animal";"Golden Earring";"1980"
"Think";"The Blues Brothers";"1980"
"Once in a Lifetime - 2005 Remaster";"Talking Heads";"1980"
"The Turn of a Friendly Card";"The Alan Parsons Project";"1980"
"So Long";"Fischer-Z";"1980"
"Tunnel of Love (Intro: The Carousel Waltz)";"Dire Straits";"1980"
"Happy New Year";"ABBA";"1980"
"Ashes to Ashes - 2017 Remaster";"David Bowie";"1980"
"Foto Van Vroeger";"Rob De Nijs";"1980"
"Could You Be Loved";"Bob Marley & The Wailers";"1980"
"9 to 5";"Dolly Parton";"1980"
"Everybody Needs Somebody to Love";"The Blues Brothers";"1980"
"Super Trouper";"ABBA";"1980"
"Save Me - Remastered 2011";"Queen";"1980"
"Keep on Loving You";"REO Speedwagon";"1980"
"Woman in Love";"Barbra Streisand";"1980"
"The Spirit Of Radio";"Rush";"1980"
"Baggy Trousers";"Madness";"1980"
"Hungry Heart";"Bruce Springsteen";"1980"
"Guilty (feat. Barry Gibb)";"Barbra Streisand";"1980"
"Biko";"Peter Gabriel";"1980"
"Food For Thought";"UB40";"1980"
"Late in the Evening";"Paul Simon";"1980"
"Enola Gay - Remastered";"Orchestral Manoeuvres In The Dark";"1980"
"Master Blaster (Jammin')";"Stevie Wonder";"1980"
"Don't Stand So Close To Me";"The Police";"1980"
"Wish You Were Here";"Pink Floyd";"1981"
"In The Air Tonight - 2015 Remastered";"Phil Collins";"1981"
"Don't Stop Believin'";"Journey";"1981"
"The Day Before You Came";"ABBA";"1981"
"Golden Brown";"The Stranglers";"1981"
"Every Little Thing She Does Is Magic";"The Police";"1981"
"Start Me Up - Remastered";"The Rolling Stones";"1981"
"One Of Us";"ABBA";"1981"
"Waiting On A Friend - Remastered 2009";"The Rolling Stones";"1981"
"Tainted Love";"Soft Cell";"1981"
"Memory";"Barbra Streisand";"1981"
"Everytime I Think of You - 2000 Remaster";"The Babys";"1981"
"Don't You Want Me";"The Human League";"1981"
"I'll Find My Way Home - Remastered";"Jon & Vangelis";"1981"
"Je Loog Tegen Mij";"Drukwerk";"1981"
"Africa";"TOTO";"1982"
"Telegraph Road";"Dire Straits";"1982"
"Under Pressure - Remastered";"Queen";"1982"
"Old and Wise";"The Alan Parsons Project";"1982"
"Private Investigations";"Dire Straits";"1982"
"Billie Jean";"Michael Jackson";"1982"
"Run to the Hills - 2015 Remaster";"Iron Maiden";"1982"
"Twilight Zone";"Golden Earring";"1982"
"Eye In The Sky";"The Alan Parsons Project";"1982"
"Rosanna";"TOTO";"1982"
"Is She Really Going Out With Him? - Live";"Joe Jackson";"1982"
"Bloedend Hart";"De Dijk";"1982"
"Belgie ... (Is Er Leven Op Pluto ...)";"Het Goede Doel";"1982"
"1999";"Prince";"1982"
"Islands In the Stream";"Dolly Parton";"1982"
"Real Men";"Joe Jackson";"1982"
"Come On Eileen";"Dexys Midnight Runners";"1982"
"Kristallnaach";"BAP";"1982"
"State of Independence";"Donna Summer";"1982"
"You Can't Hurry Love - 2016 Remaster";"Phil Collins";"1982"
"Burning Heart";"Vandenberg";"1982"
"Always On My Mind";"Willie Nelson";"1982"
"Sexual Healing";"Marvin Gaye";"1982"
"Vriendschap";"Het Goede Doel";"1982"
"Human Nature";"Michael Jackson";"1982"
"Save a Prayer - 2009 Remaster";"Duran Duran";"1982"
"Should I Stay or Should I Go - Remastered";"The Clash";"1982"
"P.Y.T. (Pretty Young Thing)";"Michael Jackson";"1982"
"Wanna Be Startin' Somethin'";"Michael Jackson";"1982"
"It's Raining Again";"Supertramp";"1982"
"Steppin' Out";"Joe Jackson";"1982"
"A Slow Song";"Joe Jackson";"1982"
"Sunday Bloody Sunday - Remastered 2008";"U2";"1983"
"Every Breath You Take";"The Police";"1983"
"Mama - 2007 Remaster";"Genesis";"1983"
"99 Luftballons";"Nena";"1983"
"Sweet Dreams (Are Made of This) - Remastered";"Eurythmics";"1983"
"I'm Still Standing";"Elton John";"1983"
"Let's Dance - 2018 Remaster";"David Bowie";"1983"
"China Girl - 2002 Remaster";"David Bowie";"1983"
"Owner of a Lonely Heart";"Yes";"1983"
"Waterfront - 2002 Remaster";"Simple Minds";"1983"
"Our House";"Madness";"1983"
"Just Can't Get Enough (Live in Hammersmith) - 2018 Remaster";"Depeche Mode";"1983"
"Message To My Girl";"Split Enz";"1983"
"Hello";"Lionel Richie";"1983"
"Pride and Joy";"Stevie Ray Vaughan";"1983"
"Uptown Girl";"Billy Joel";"1983"
"I Heard It Through The Grapevine";"Marvin Gaye";"1983"
"Nescio";"Nits";"1983"
"Uncertain Smile";"The The";"1983"
"Home by the Sea - 2007 Remaster";"Genesis";"1983"
"Theme from Harry's Game";"Clannad";"1983"
"Nur geträumt";"Nena";"1983"
"Gloria - Live";"U2";"1983"
"Here Comes the Rain Again - Remastered Version";"Eurythmics";"1983"
"Girls Just Want to Have Fun";"Cyndi Lauper";"1983"
"Club Tropicana";"Wham!";"1983"
"Papa Can You Hear Me?";"Barbra Streisand";"1983"
"Karma Chameleon - Remastered";"Culture Club";"1983"
"Buffalo Soldier";"Bob Marley & The Wailers";"1983"
"Beast of Burden";"Bette Midler";"1983"
"Purple Rain";"Prince";"1984"
"When The Lady Smiles";"Golden Earring";"1984"
"Hallelujah";"Leonard Cohen";"1984"
"Summer Of '69";"Bryan Adams";"1984"
"Radio Ga Ga - 2011 Mix";"Queen";"1984"
"The Unforgettable Fire - Remastered 2009";"U2";"1984"
"Bad - Remastered 2009";"U2";"1984"
"I'm On Fire";"Bruce Springsteen";"1984"
"Pride (In The Name Of Love) - Remastered 2009";"U2";"1984"
"Fade To Black (Remastered)";"Metallica";"1984"
"Dancing In the Dark";"Bruce Springsteen";"1984"
"Forever Young";"Alphaville";"1984"
"When Doves Cry";"Prince";"1984"
"I Want to Know What Love Is - 1999 Remaster";"Foreigner";"1984"
"Born in the U.S.A.";"Bruce Springsteen";"1984"
"Vienna";"Ultravox";"1984"
"My Hometown";"Bruce Springsteen";"1984"
"Slippery People - Live";"Talking Heads";"1984"
"The Power Of Love";"Frankie Goes To Hollywood";"1984"
"The Boys Of Summer";"Don Henley";"1984"
"Private Dancer - 2015 Remaster";"Tina Turner";"1984"
"Easy Lover";"Philip Bailey";"1984"
"Be My Number Two";"Joe Jackson";"1984"
"Tinseltown in the Rain";"The Blue Nile";"1984"
"Glory Days";"Bruce Springsteen";"1984"
"It's My Life - 1997 Remaster";"Talk Talk";"1984"
"Heaven";"Bryan Adams";"1984"
"Smalltown Boy";"Bronski Beat";"1984"
"I Would Die 4 U";"Prince";"1984"
"Thank God It's Christmas - 2011 Remaster";"Queen";"1984"
"Let's Go Crazy";"Prince";"1984"
"Wake Me up Before You Go-Go";"Wham!";"1984"
"You'll Never Walk Alone";"Lee Towers";"1984"
"Run To You";"Bryan Adams";"1984"
"Perhaps Love";"John Denver";"1984"
"Don't Answer Me";"The Alan Parsons Project";"1984"
"Nightporter";"Japan";"1984"
"Big in Japan";"Alphaville";"1984"
"Relax";"Frankie Goes To Hollywood";"1984"
"Two Tribes";"Frankie Goes To Hollywood";"1984"
"Dancing with Tears in My Eyes";"Ultravox";"1984"
"That Was Yesterday";"Foreigner";"1984"
"How Soon Is Now? - 2011 Remaster";"The Smiths";"1984"
"No Surrender";"Bruce Springsteen";"1984"
"Brothers in Arms";"Dire Straits";"1985"
"Jeanny";"Falco";"1985"
"Money for Nothing";"Dire Straits";"1985"
"Kronenburg Park";"Frank Boeijen Groep";"1985"
"Walk of Life";"Dire Straits";"1985"
"Take on Me";"a-ha";"1985"
"Groot Hart";"De Dijk";"1985"
"Alive And Kicking";"Simple Minds";"1985"
"Holding Back the Years - 2008 Remaster";"Simply Red";"1985"
"Running Up That Hill (A Deal With God)";"Kate Bush";"1985"
"Cloudbusting";"Kate Bush";"1985"
"Binnen Zonder Kloppen";"De Dijk";"1985"
"Nikita";"Elton John";"1985"
"Everybody Wants To Rule The World";"Tears For Fears";"1985"
"Eye of the Tiger";"Survivor";"1985"
"Russians";"Sting";"1985"
"Dancing in the Street - 2002 Remaster";"David Bowie";"1985"
"Raspberry Beret";"Prince";"1985"
"Your Latest Trick";"Dire Straits";"1985"
"Road to Nowhere";"Talking Heads";"1985"
"Why Worry";"Dire Straits";"1985"
"Close to Me - Remastered";"The Cure";"1985"
"So Far Away";"Dire Straits";"1985"
"Broken Wings";"Mr. Mister";"1985"
"Shout";"Tears For Fears";"1985"
"Josephine";"Chris Rea";"1985"
"Greatest Love of All";"Whitney Houston";"1985"
"In Between Days - 2006 Remaster";"The Cure";"1985"
"I Got You Babe";"UB40";"1985"
"Moon Over Bourbon Street";"Sting";"1985"
"We Are The World";"U.S.A. For Africa";"1985"
"Out In The Fields";"Gary Moore";"1985"
"Hunting High and Low";"a-ha";"1985"
"Take Me Home - 2016 Remaster";"Phil Collins";"1985"
"Master of Puppets (Remastered)";"Metallica";"1986"
"Angel Of Death";"Slayer";"1986"
"Livin' On A Prayer";"Bon Jovi";"1986"
"Graceland";"Paul Simon";"1986"
"Don't Give Up - 2012 Remaster";"Peter Gabriel";"1986"
"Sometimes It Snows in April";"Prince";"1986"
"A Kind Of Magic - Remastered 2011";"Queen";"1986"
"The Final Countdown";"Europe";"1986"
"De Verzoening";"Frank Boeijen Groep";"1986"
"I Want You";"Elvis Costello & The Attractions";"1986"
"You Can Call Me Al";"Paul Simon";"1986"
"Don't Dream It's Over";"Crowded House";"1986"
"Land of Confusion - 2007 Remaster";"Genesis";"1986"
"Life's What You Make It - 1997 Remaster";"Talk Talk";"1986"
"There Is a Light That Never Goes Out - 2011 Remaster";"The Smiths";"1986"
"You Give Love A Bad Name";"Bon Jovi";"1986"
"The Lady In Red";"Chris de Burgh";"1986"
"One Vision - Remastered 2011";"Queen";"1986"
"Diamonds on the Soles of Her Shoes";"Paul Simon";"1986"
"Absolute Beginners - 2002 Remaster";"David Bowie";"1986"
"Friends Will Be Friends - Remastered 2011";"Queen";"1986"
"Kiss";"Prince";"1986"
"In A Lifetime";"Clannad";"1986"
"Wanted Dead Or Alive";"Bon Jovi";"1986"
"True Colors";"Cyndi Lauper";"1986"
"Bigmouth Strikes Again - 2011 Remaster";"The Smiths";"1986"
"Anne";"Herman van Veen";"1986"
"You Can Leave Your Hat On";"Joe Cocker";"1986"
"Living in Another World - 1997 Remaster";"Talk Talk";"1986"
"Fire - Live at the Winterland, San Francisco, CA - December 1978";"Bruce Springsteen";"1986"
"Sledgehammer - 2012 Remaster";"Peter Gabriel";"1986"
"Don't Leave Me This Way (with Sarah Jane Morris)";"The Communards";"1986"
"The Way It Is";"Bruce Hornsby";"1986"
"Walk This Way (feat. Aerosmith)";"Run–D.M.C.";"1986"
"I'll Be Over You";"TOTO";"1986"
"Why Can't This Be Love";"Van Halen";"1986"
"In Your Eyes - 2012 Remaster";"Peter Gabriel";"1986"
"Fight For Your Right";"Beastie Boys";"1986"
"Homeless (with Ladysmith Black Mambazo)";"Paul Simon";"1986"
"Live to Tell";"Madonna";"1986"
"West End Girls - 2001 Remaster";"Pet Shop Boys";"1986"
"Invisible Touch - 2007 Remaster";"Genesis";"1986"
"Over De Muur";"Klein Orkest";"1987"
"Sweet Child O' Mine";"Guns N' Roses";"1987"
"With Or Without You - Remastered";"U2";"1987"
"Where The Streets Have No Name - Remastered";"U2";"1987"
"I Still Haven't Found What I'm Looking For";"U2";"1987"
"Paradise City";"Guns N' Roses";"1987"
"Fragile";"Sting";"1987"
"Englishman In New York";"Sting";"1987"
"Troy";"Sinéad O'Connor";"1987"
"Welcome To The Jungle";"Guns N' Roses";"1987"
"Tougher Than the Rest";"Bruce Springsteen";"1987"
"Smooth Criminal - 2012 Remaster";"Michael Jackson";"1987"
"Patience";"Guns N' Roses";"1987"
"Everywhere - 2017 Remaster";"Fleetwood Mac";"1987"
"I Will Follow - Live";"U2";"1987"
"Alone";"Heart";"1987"
"Sign 'O' the Times";"Prince";"1987"
"In the Dutch Mountains";"Nits";"1987"
"Never Tear Us Apart";"INXS";"1987"
"Here I Go Again - 2018 Remaster";"Whitesnake";"1987"
"Liefde Van Later";"Herman van Veen";"1987"
"Unchain My Heart";"Joe Cocker";"1987"
"Non, je ne regrette rien";"Édith Piaf";"1987"
"Never Gonna Give You Up";"Rick Astley";"1987"
"Running To Stand Still";"U2";"1987"
"I Wanna Dance with Somebody (Who Loves Me)";"Whitney Houston";"1987"
"Have A Little Faith In Me";"John Hiatt";"1987"
"Suzanne";"Herman van Veen";"1987"
"The Way You Make Me Feel - 2012 Remaster";"Michael Jackson";"1987"
"The One I Love - Remastered";"R.E.M.";"1987"
"Bad - 2012 Remaster";"Michael Jackson";"1987"
"Apache";"The Shadows";"1987"
"The Cross";"Prince";"1987"
"Luka";"Suzanne Vega";"1987"
"Seven Wonders - 2017 Remaster";"Fleetwood Mac";"1987"
"Lessons In Love";"Level 42";"1987"
"Brilliant Disguise";"Bruce Springsteen";"1987"
"It's a Sin - 2001 Remaster";"Pet Shop Boys";"1987"
"Bullet The Blue Sky";"U2";"1987"
"Wonderful Life";"Black";"1987"
"It's The End Of The World As We Know It (And I Feel Fine)";"R.E.M.";"1987"
"Is This Love - 2018 Remaster";"Whitesnake";"1987"
"Laat Mij Maar Alleen";"Klein Orkest";"1987"
"You Win Again";"Bee Gees";"1987"
"Liberian Girl - 2012 Remastered Version";"Michael Jackson";"1987"
"Winter in Hamburg";"Frank Boeijen Groep";"1987"
"One (Remastered)";"Metallica";"1988"
"Fast Car";"Tracy Chapman";"1988"
"Dreams";"Fleetwood Mac";"1988"
"Sara";"Fleetwood Mac";"1988"
"Stop Loving You";"TOTO";"1988"
"Can I Play with Madness - 2015 Remaster";"Iron Maiden";"1988"
"Tonight (With David Bowie) - Live";"Tina Turner";"1988"
"Tusk";"Fleetwood Mac";"1988"
"Maid Of Orleans";"Orchestral Manoeuvres In The Dark";"1988"
"Like The Way I Do";"Melissa Etheridge";"1988"
"Little Lies";"Fleetwood Mac";"1988"
"Zwart Wit";"Frank Boeijen Groep";"1988"
"All I Want Is You";"U2";"1988"
"Take This Waltz";"Leonard Cohen";"1988"
"Musica è";"Eros Ramazzotti";"1988"
"When Love Comes To Town";"U2";"1988"
"Ich bin wie du";"Marianne Rosenberg";"1988"
"Pamela";"TOTO";"1988"
"Orinoco Flow";"Enya";"1988"
"Listen to Your Heart";"Roxette";"1988"
"Fairytale of New York (feat. Kirsty MacColl)";"The Pogues";"1988"
"Living Years";"Mike & The Mechanics";"1988"
"Mushanga";"TOTO";"1988"
"Baby Can I Hold You";"Tracy Chapman";"1988"
"Big Love";"Fleetwood Mac";"1988"
"Angel Of Harlem";"U2";"1988"
"Handle With Care";"Traveling Wilburys";"1988"
"(Something Inside) So Strong";"Labi Siffre";"1988"
"Into Temptation";"Crowded House";"1988"
"Twist in My Sobriety";"Tanita Tikaram";"1988"
"Sympathy For The Devil";"The Rolling Stones";"1989"
"Another Day in Paradise - 2016 Remaster";"Phil Collins";"1989"
"Niemand In De Stad";"De Dijk";"1989"
"Rockin' in the Free World";"Neil Young";"1989"
"Poison";"Alice Cooper";"1989"
"I Want It All - Remastered 2011";"Queen";"1989"
"Ik Kan Het Niet Alleen";"De Dijk";"1989"
"Leningrad";"Billy Joel";"1989"
"Have I Told You Lately";"Van Morrison";"1989"
"Lullaby";"The Cure";"1989"
"The Best";"Tina Turner";"1989"
"Breakthru - Remastered 2011";"Queen";"1989"
"Need Your Love So Bad";"Fleetwood Mac";"1989"
"Daar Gaat Ze";"Clouseau";"1989"
"Personal Jesus - Original Seven Inch Version";"Depeche Mode";"1989"
"Kingston Town";"UB40";"1989"
"Woman In Chains";"Tears For Fears";"1989"
"Nergens Goed Voor";"De Dijk";"1989"
"I Wish It Would Rain Down - 2016 Remaster";"Phil Collins";"1989"
"If You Don't Know Me by Now - 2008 Remaster";"Simply Red";"1989"
"Free Fallin'";"Tom Petty";"1989"
"Let Love Rule";"Lenny Kravitz";"1989"
"Epic";"Faith No More";"1989"
"Black Velvet";"Alannah Myles";"1989"
"We Didn't Start the Fire";"Billy Joel";"1989"
"Sowing The Seeds Of Love";"Tears For Fears";"1989"
"New York Minute";"Don Henley";"1989"
"Something Happened on the Way to Heaven - 2016 Remaster";"Phil Collins";"1989"
"Lovesong";"The Cure";"1989"
"Monkey Gone to Heaven";"Pixies";"1989"
"The Miracle - Remastered 2011";"Queen";"1989"
"The Invisible Man - Remastered 2011";"Queen";"1989"
"If I Could Turn Back Time";"Cher";"1989"
"Love Shack";"The B-52's";"1989"
"Thunderstruck";"AC/DC";"1990"
"Papa";"Stef Bos";"1990"
"Enjoy the Silence - Single Mix";"Depeche Mode";"1990"
"Still Got The Blues";"Gary Moore";"1990"
"Wind Of Change";"Scorpions";"1990"
"Nothing Compares 2 U";"Sinéad O'Connor";"1990"
"Silent Lucidity - Remastered/2003";"Queensrÿche";"1990"
"Such a Shame";"Talk Talk";"1990"
"Hunger Strike";"Temple Of The Dog";"1990"
"Candy";"Iggy Pop";"1990"
"Send Me An Angel";"Scorpions";"1990"
"Don't Go Breaking My Heart";"Elton John";"1990"
"Night Fever - From ''Saturday Night Fever'' Soundtrack";"Bee Gees";"1990"
"More Than Words";"Extreme";"1990"
"It Must Have Been Love - From the Film ''Pretty Woman''";"Roxette";"1990"
"Domino";"Clouseau";"1990"
"Met Hart En Ziel";"Tröckener Kecks";"1990"
"Love Rears Its Ugly Head";"Living Colour";"1990"
"Hard To Handle";"The Black Crowes";"1990"
"Black";"Pearl Jam";"1991"
"De Boer Is De Keerl";"Normaal";"1991"
"November Rain";"Guns N' Roses";"1991"
"Nothing Else Matters";"Metallica";"1991"
"Smells Like Teen Spirit";"Nirvana";"1991"
"Innuendo - Remastered 2011";"Queen";"1991"
"Alive";"Pearl Jam";"1991"
"Enter Sandman";"Metallica";"1991"
"Who Wants To Live Forever - Remastered 2011";"Queen";"1991"
"Under the Bridge";"Red Hot Chili Peppers";"1991"
"Deurdonderen";"Normaal";"1991"
"The Show Must Go On - 2011 Mix";"Queen";"1991"
"Losing My Religion";"R.E.M.";"1991"
"Come As You Are";"Nirvana";"1991"
"Jeremy";"Pearl Jam";"1991"
"One";"U2";"1991"
"Knockin' On Heaven's Door";"Guns N' Roses";"1991"
"The Unforgiven";"Metallica";"1991"
"These Are The Days Of Our Lives - 2011 Remaster";"Queen";"1991"
"Lithium";"Nirvana";"1991"
"Lekker Op De Trekker ('n Boerinnen-Wervingslied)";"Mannenkoor Karrespoor";"1991"
"Estranged";"Guns N' Roses";"1991"
"Even Flow";"Pearl Jam";"1991"
"Hammer To Fall - Remastered 2011";"Queen";"1991"
"Sad But True";"Metallica";"1991"
"Year of the Cat - 2001 Remaster";"Al Stewart";"1991"
"Don't Cry (Original)";"Guns N' Roses";"1991"
"(Everything I Do) I Do It For You";"Bryan Adams";"1991"
"No More Tears";"Ozzy Osbourne";"1991"
"You";"Ten Sharp";"1991"
"Heal the World";"Michael Jackson";"1991"
"Bestel Mar (edit)";"Rowwen Hèze";"1991"
"On Every Street";"Dire Straits";"1991"
"Give It Away";"Red Hot Chili Peppers";"1991"
"Four Seasons In One Day";"Crowded House";"1991"
"Walking in Memphis";"Marc Cohn";"1991"
"Learning To Fly";"Tom Petty and the Heartbreakers";"1991"
"Live And Let Die";"Guns N' Roses";"1991"
"In Bloom - Nevermind Version";"Nirvana";"1991"
"Weather With You";"Crowded House";"1991"
"Shiny Happy People";"R.E.M.";"1991"
"Stars";"Simply Red";"1991"
"I'm Going Slightly Mad - Remastered 2011";"Queen";"1991"
"On the Border - 2001 Remaster";"Al Stewart";"1991"
"Diamonds and Pearls";"Prince";"1991"
"I Can't Dance - 2007 Remaster";"Genesis";"1991"
"No Son of Mine - 2007 Remaster";"Genesis";"1991"
"I Can't Make You Love Me";"Bonnie Raitt";"1991"
"Love of the Common People";"Paul Young";"1991"
"Mysterious Ways";"U2";"1991"
"We Don't Need Another Hero (Thunderdome)";"Tina Turner";"1991"
"Calling Elvis";"Dire Straits";"1991"
"Killing In The Name";"Rage Against The Machine";"1992"
"Fear of the Dark - 2015 Remaster";"Iron Maiden";"1992"
"Bed Of Roses";"Bon Jovi";"1992"
"Everybody Hurts";"R.E.M.";"1992"
"Kayleigh";"Marillion";"1992"
"Layla - Acoustic; Live at MTV Unplugged, Bray Film Studios, Windsor, England, UK, 1/16/1992; 2013 Remaster";"Eric Clapton";"1992"
"I Will Always Love You";"Whitney Houston";"1992"
"Nightswimming";"R.E.M.";"1992"
"Conquest of Paradise";"Vangelis";"1992"
"Would?";"Alice In Chains";"1992"
"Friday I'm in Love";"The Cure";"1992"
"Sharp Dressed Man";"ZZ Top";"1992"
"Man On The Moon";"R.E.M.";"1992"
"Gimme All Your Lovin'";"ZZ Top";"1992"
"What's Up?";"4 Non Blondes";"1992"
"Lavender";"Marillion";"1992"
"Plush - 2017 Remaster";"Stone Temple Pilots";"1992"
"Eloise";"Barry Ryan";"1992"
"Harvest Moon";"Neil Young";"1992"
"Drive";"R.E.M.";"1992"
"Remedy";"The Black Crowes";"1992"
"I've Got Dreams to Remember";"Otis Redding";"1992"
"Jump Around";"House Of Pain";"1992"
"Human Touch";"Bruce Springsteen";"1992"
"Vlieg Met Me Mee - Live";"Paul de Leeuw";"1992"
"In These Arms";"Bon Jovi";"1992"
"Out Of Space";"The Prodigy";"1992"
"Find The River";"R.E.M.";"1992"
"I Have Nothing";"Whitney Houston";"1992"
"Rosalyn";"Vitesse";"1992"
"Rooster";"Alice In Chains";"1992"
"Why";"Annie Lennox";"1992"
"Rhythm Is A Dancer";"SNAP!";"1992"
"Keep The Faith";"Bon Jovi";"1992"
"No Rain";"Blind Melon";"1992"
"Creep";"Radiohead";"1993"
"Proud Mary";"Tina Turner";"1993"
"Fields Of Gold";"Sting";"1993"
"Eagle - Short Version";"ABBA";"1993"
"Linger";"The Cranberries";"1993"
"Alles Geprobeerd";"Het Goede Doel";"1993"
"I'd Do Anything For Love (But I Won't Do That) - Single Edit";"Meat Loaf";"1993"
"Shape Of My Heart";"Sting";"1993"
"I Will Survive - Single Version";"Gloria Gaynor";"1993"
"Ordinary World";"Duran Duran";"1993"
"Disarm - Remastered";"The Smashing Pumpkins";"1993"
"Mr. Jones";"Counting Crows";"1993"
"Heart-Shaped Box";"Nirvana";"1993"
"Daughter (Remastered)";"Pearl Jam";"1993"
"In-A-Gadda-Da-Vida - Single Version";"Iron Butterfly";"1993"
"Gaia";"Valensia";"1993"
"Mull Of Kintyre - 1993 Digital Remaster";"Wings";"1993"
"Cose della vita";"Eros Ramazzotti";"1993"
"Are You Gonna Go My Way";"Lenny Kravitz";"1993"
"What's Love Got to Do with It";"Tina Turner";"1993"
"Rearviewmirror (Remastered)";"Pearl Jam";"1993"
"La solitudine";"Laura Pausini";"1993"
"Up Where We Belong";"Joe Cocker";"1993"
"Rape Me";"Nirvana";"1993"
"Round Here";"Counting Crows";"1993"
"I Want You Back";"The Jackson 5";"1993"
"Younger Days";"The Fatal Flowers";"1993"
"All Apologies";"Nirvana";"1993"
"Zombie";"The Cranberries";"1994"
"Hallelujah";"Jeff Buckley";"1994"
"Oude Maasweg";"The Amazing Stroopwafels";"1994"
"Lightning Crashes";"Live";"1994"
"Black Hole Sun";"Soundgarden";"1994"
"The Man Who Sold The World";"Nirvana";"1994"
"Basket Case";"Green Day";"1994"
"Where Did You Sleep Last Night";"Nirvana";"1994"
"High Hopes";"Pink Floyd";"1994"
"Kiss from a Rose";"Seal";"1994"
"Always";"Bon Jovi";"1994"
"All I Want for Christmas Is You";"Mariah Carey";"1994"
"I Alone";"Live";"1994"
"Sabotage";"Beastie Boys";"1994"
"Smooth Operator - Single Version";"Sade";"1994"
"Glory Box";"Portishead";"1994"
"Dromen Zijn Bedrog";"Marco Borsato";"1994"
"Ode To My Family";"The Cranberries";"1994"
"No Good (Start the Dance) [Remastered]";"The Prodigy";"1994"
"When I Come Around";"Green Day";"1994"
"Live Forever - Remastered";"Oasis";"1994"
"Mmm Mmm Mmm Mmm";"Crash Test Dummies";"1994"
"Annabel";"Hans De Booij";"1994"
"Polly";"Nirvana";"1994"
"Grace";"Jeff Buckley";"1994"
"Stil In Mij";"Van Dik Hout";"1995"
"Wonderwall - Remastered";"Oasis";"1995"
"Don't Look Back In Anger - Remastered";"Oasis";"1995"
"Streets of Philadelphia - Single Edit";"Bruce Springsteen";"1995"
"Earth Song";"Michael Jackson";"1995"
"Street Spirit (Fade Out)";"Radiohead";"1995"
"Man in the Mirror";"Michael Jackson";"1995"
"Aan De Kust";"BLØF";"1995"
"Beat It";"Michael Jackson";"1995"
"Margherita";"Marco Borsato";"1995"
"Vivo per lei";"Andrea Bocelli";"1995"
"Circle Of Life";"Elton John";"1995"
"They Don't Care About Us";"Michael Jackson";"1995"
"Champagne Supernova - Remastered";"Oasis";"1995"
"You Do Something To Me";"Paul Weller";"1995"
"Lemon Tree";"Fools Garden";"1995"
"Weak";"Skunk Anansie";"1995"
"Ik Leef Niet Meer Voor Jou";"Marco Borsato";"1995"
"Gangsta's Paradise";"Coolio";"1995"
"Con Te Partirò";"Andrea Bocelli";"1995"
"Don't Speak";"No Doubt";"1995"
"Heaven For Everyone - Remastered 2011";"Queen";"1995"
"Fake Plastic Trees";"Radiohead";"1995"
"Too Much Love Will Kill You - 2011 Remaster";"Queen";"1995"
"1979 - Remastered 2012";"The Smashing Pumpkins";"1995"
"Avalon";"Roxy Music";"1995"
"You Don't Fool Me - Remastered 2011";"Queen";"1995"
"Can You Feel The Love Tonight";"Elton John";"1995"
"Dear Mama";"2Pac";"1995"
"Diane";"Therapy?";"1995"
"Stranger in Moscow";"Michael Jackson";"1995"
"An American Trilogy";"Elvis Presley";"1995"
"Secret Garden";"Bruce Springsteen";"1995"
"Tonight, Tonight - Remastered 2012";"The Smashing Pumpkins";"1995"
"Bullet With Butterfly Wings - Remastered 2012";"The Smashing Pumpkins";"1995"
"A Winter's Tale - 2011 Remaster";"Queen";"1995"
"Gold";"Prince";"1995"
"High And Dry";"Radiohead";"1995"
"Fairground";"Simply Red";"1995"
"Avond";"Boudewijn de Groot";"1996"
"She - Tous les visages de l’amour";"Charles Aznavour";"1996"
"Insomnia";"Faithless";"1996"
"Jesus to a Child";"George Michael";"1996"
"Down Under";"Men At Work";"1996"
"Jump";"Van Halen";"1996"
"Het Is Een Nacht... (Levensecht)";"Guus Meeuwis";"1996"
"Where the Wild Roses Grow - 2011 - Remaster";"Nick Cave & The Bad Seeds";"1996"
"Beautiful Noise";"Neil Diamond";"1996"
"Yesterday When I Was Young";"Charles Aznavour";"1996"
"De Waarheid";"Marco Borsato";"1996"
"Wereld Zonder Jou";"Marco Borsato";"1996"
"Wannabe";"Spice Girls";"1996"
"Hedonism (Just Because You Feel Good)";"Skunk Anansie";"1996"
"Killing Me Softly With His Song";"Fugees";"1996"
"You Have Been Loved";"George Michael";"1996"
"Children";"Robert Miles";"1996"
"No Diggity";"Blackstreet";"1996"
"Casser la voix - Live ''Si Ce Soir''";"Patrick Bruel";"1996"
"Beautiful Goodbye";"Amanda Marshall";"1996"
"Ain't Nobody";"Chaka Khan";"1996"
"A Long December";"Counting Crows";"1996"
"Novocaine For The Soul";"Eels";"1996"
"Per Spoor (Kedeng Kedeng)";"Guus Meeuwis";"1996"
"Bitter Sweet Symphony";"The Verve";"1997"
"Zeg Me Dat Het Niet Zo Is";"Frank Boeijen";"1997"
"Du hast";"Rammstein";"1997"
"Take Me Home, Country Roads";"John Denver";"1997"
"Karma Police";"Radiohead";"1997"
"Everlong";"Foo Fighters";"1997"
"Op Fietse";"Skik";"1997"
"Paranoid Android";"Radiohead";"1997"
"Lopen Tot De Zon Komt";"Acda en de Munnik";"1997"
"Into My Arms - 2011 Remastered Version";"Nick Cave & The Bad Seeds";"1997"
"Engel";"Rammstein";"1997"
"k Heb Je Lief";"Paul de Leeuw";"1997"
"Chan Chan";"Buena Vista Social Club";"1997"
"Firestarter";"The Prodigy";"1997"
"The Unforgiven II";"Metallica";"1997"
"Smack My Bitch Up";"The Prodigy";"1997"
"You'll Never Walk Alone";"Gerry & The Pacemakers";"1997"
"Good Riddance (Time of Your Life)";"Green Day";"1997"
"Candle In The Wind 1997";"Elton John";"1997"
"No Surprises";"Radiohead";"1997"
"Als Het Vuur Gedoofd Is";"Acda en de Munnik";"1997"
"Little Green Bag";"George Baker Selection";"1997"
"Beds Are Burning - Remastered";"Midnight Oil";"1997"
"My Heart Will Go On - Love Theme from ''Titanic''";"Céline Dion";"1997"
"t Dondert En 't Bliksemt";"Guus Meeuwis";"1997"
"Breathe";"The Prodigy";"1997"
"The Memory Remains";"Metallica";"1997"
"N'oubliez Jamais";"Joe Cocker";"1997"
"Tell Him";"Barbra Streisand";"1997"
"Mooi Liedje";"Acda en de Munnik";"1997"
"Can't Stand Losing You";"The Police";"1997"
"Songbird";"Eva Cassidy";"1997"
"Hier Komt De Storm";"Frank Boeijen Groep";"1997"
"The Drugs Don't Work";"The Verve";"1997"
"Around the World";"Daft Punk";"1997"
"Somebody to Love";"George Michael";"1998"
"Nobody's Wife";"Anouk";"1998"
"Als Ze Er Niet Is";"De Dijk";"1998"
"Careless Whisper";"George Michael";"1998"
"Whiskey In The Jar";"Metallica";"1998"
"Don't Let the Sun Go Down on Me";"George Michael";"1998"
"The Whole of the Moon";"The Waterboys";"1998"
"Liefs Uit Londen";"BLØF";"1998"
"Narcotic - Long Version";"Liquido";"1998"
"New Year's Day";"U2";"1998"
"Cowboys and Angels";"George Michael";"1998"
"Zelfs Je Naam Is Mooi";"Henk Westbroek";"1998"
"Toen Ik Je Zag - Single Version";"Hero";"1998"
"I Don't Want to Miss a Thing - From ''Armageddon'' Soundtrack";"Aerosmith";"1998"
"Fields Of Gold";"Eva Cassidy";"1998"
"A Different Corner";"George Michael";"1998"
"Teardrop";"Massive Attack";"1998"
"Faith";"George Michael";"1998"
"Father Figure";"George Michael";"1998"
"Niet Of Nooit Geweest";"Acda en de Munnik";"1998"
"Is Dit Nu Later";"Stef Bos";"1998"
"De Bestemming";"Marco Borsato";"1998"
"Freak On a Leash";"Korn";"1998"
"Onderuit";"De Dijk";"1998"
"Non non rien n'a changé";"Les Poppys";"1998"
"I'm Not so Tough";"Ilse DeLange";"1998"
"Killer / Papa Was a Rollin' Stone";"George Michael";"1998"
"I Knew You Were Waiting (For Me)";"George Michael";"1998"
"If You Tolerate This Your Children Will Be Next";"Manic Street Preachers";"1998"
"Praying for Time";"George Michael";"1998"
"Hilversum 3";"Herman van Veen";"1998"
"The Reflex";"Duran Duran";"1998"
"World of Hurt";"Ilse DeLange";"1998"
"As";"George Michael";"1998"
"Pure Morning";"Placebo";"1998"
"She's The One";"Robbie Williams";"1998"
"Ik Heb Je Lief";"Stef Bos";"1998"
"Pretty Fly (For A White Guy)";"The Offspring";"1998"
"I Can't Make You Love Me";"George Michael";"1998"
"Praise You";"Fatboy Slim";"1998"
"Sacrifice";"Anouk";"1998"
"Toveren";"Herman van Veen";"1998"
"Kissing a Fool";"George Michael";"1998"
"Hijo de la Luna";"Mecano";"1998"
"Slaap Zacht , Elisabeth";"Acda en de Munnik";"1998"
"Angels";"Robbie Williams";"1999"
"Tears in Heaven";"Eric Clapton";"1999"
"Californication";"Red Hot Chili Peppers";"1999"
"Harder Dan Ik Hebben Kan";"BLØF";"1999"
"Learn to Fly";"Foo Fighters";"1999"
"Total Eclipse of the Heart";"Bonnie Tyler";"1999"
"Scar Tissue";"Red Hot Chili Peppers";"1999"
"Otherside";"Red Hot Chili Peppers";"1999"
"You'll Be In My Heart - From ''Tarzan''/Soundtrack Version";"Phil Collins";"1999"
"Let Me Entertain You";"Robbie Williams";"1999"
"Road Trippin'";"Red Hot Chili Peppers";"1999"
"Jesus He Knows Me";"Genesis";"1999"
"The Family Tree";"Venice";"1999"
"Porcelain";"Moby";"1999"
"Unintended";"Muse";"1999"
"LA Song";"Beth Hart";"1999"
"The Dolphin's Cry";"Live";"1999"
"All Star";"Smash Mouth";"1999"
"Why Does My Heart Feel So Bad?";"Moby";"1999"
"Il Volo";"Zucchero";"1999"
"The Next Episode";"Dr. Dre";"1999"
"Geen Kind Meer";"Karin Bloemen";"1999"
"All The Small Things";"blink-182";"1999"
"Run To The Water";"Live";"1999"
"Hart Van Mijn Gevoel";"De Kast";"1999"
"Smooth (feat. Rob Thomas)";"Santana";"1999"
"My Name Is";"Eminem";"1999"
"Desert Rose";"Sting";"1999"
"Hey Boy Hey Girl";"The Chemical Brothers";"1999"
"At Last";"Etta James";"1960"
"Can't Help Falling in Love";"Elvis Presley";"1961"
"Fly Me To The Moon (In Other Words)";"Frank Sinatra";"1962"
"Stand by Me";"Ben E. King";"1962"
"Oh, Pretty Woman";"Roy Orbison";"1962"
"Ring of Fire";"Johnny Cash";"1963"
"Blowin' in the Wind";"Bob Dylan";"1963"
"In Dreams";"Roy Orbison";"1963"
"Twist And Shout - Remastered 2009";"The Beatles";"1963"
"Are You Lonesome Tonight";"Elvis Presley";"1963"
"I Saw Her Standing There - Remastered 2009";"The Beatles";"1963"
"Don't Think Twice, It's All Right";"Bob Dylan";"1963"
"The Sound of Silence - Acoustic Version";"Simon & Garfunkel";"1964"
"House Of The Rising Sun";"The Animals";"1964"
"Folsom Prison Blues";"Johnny Cash";"1964"
"The Times They Are A-Changin'";"Bob Dylan";"1964"
"A Change Is Gonna Come";"Sam Cooke";"1964"
"A Hard Day's Night - Remastered 2009";"The Beatles";"1964"
"Nathalie";"Gilbert Bécaud";"1964"
"Eight Days A Week - Remastered 2009";"The Beatles";"1964"
"It's All Over Now - Mono Version";"The Rolling Stones";"1964"
"Yesterday - Remastered 2009";"The Beatles";"1965"
"(I Can't Get No) Satisfaction - Mono Version";"The Rolling Stones";"1965"
"Like a Rolling Stone";"Bob Dylan";"1965"
"Norwegian Wood (This Bird Has Flown) - Remastered 2009";"The Beatles";"1965"
"Help! - Remastered 2009";"The Beatles";"1965"
"Unchained Melody";"The Righteous Brothers";"1965"
"Michelle - Remastered 2009";"The Beatles";"1965"
"Feeling Good";"Nina Simone";"1965"
"My Generation - Stereo Version";"The Who";"1965"
"In My Life - Remastered 2009";"The Beatles";"1965"
"As Tears Go By - Mono Version";"The Rolling Stones";"1965"
"It Was A Very Good Year";"Frank Sinatra";"1965"
"Time Is On My Side - Mono Version";"The Rolling Stones";"1965"
"Little Red Rooster - Mono Version";"The Rolling Stones";"1965"
"Mr. Tambourine Man";"The Byrds";"1965"
"Paint It, Black";"The Rolling Stones";"1966"
"God Only Knows - Remastered";"The Beach Boys";"1966"
"California Dreamin' - Single Version";"The Mamas & The Papas";"1966"
"Eleanor Rigby - Remastered 2009";"The Beatles";"1966"
"River Deep - Mountain High";"Ike & Tina Turner";"1966"
"That's Life";"Frank Sinatra";"1966"
"Jumpin' Jack Flash - Mono";"The Rolling Stones";"1966"
"Scarborough Fair / Canticle";"Simon & Garfunkel";"1966"
"Sloop John B - Remastered";"The Beach Boys";"1966"
"Homeward Bound";"Simon & Garfunkel";"1966"
"Under My Thumb";"The Rolling Stones";"1966"
"I Want You";"Bob Dylan";"1966"
"When a Man Loves a Woman";"Percy Sledge";"1966"
"Sunny Afternoon - Mono Mix";"The Kinks";"1966"
"How Can We Hang On To A Dream";"Tim Hardin";"1966"
"Monday, Monday - Single Version";"The Mamas & The Papas";"1966"
"For No One - Remastered 2009";"The Beatles";"1966"
"It's A Man's, Man's, Man's World";"James Brown & The Famous Flames";"1966"
"Try a Little Tenderness";"Otis Redding";"1966"
"Wouldn't It Be Nice - Stereo Mix";"The Beach Boys";"1966"
"Nights In White Satin - Single Version / Mono Mix";"The Moody Blues";"1967"
"The End";"The Doors";"1967"
"A Day In The Life - Remastered 2009";"The Beatles";"1967"
"Brown Eyed Girl";"Van Morrison";"1967"
"Respect";"Aretha Franklin";"1967"
"White Rabbit";"Jefferson Airplane";"1967"
"Penny Lane";"The Beatles";"1967"
"Suzanne";"Leonard Cohen";"1967"
"Hey Joe";"Jimi Hendrix";"1967"
"Good Vibrations - Remastered";"The Beach Boys";"1967"
"Light My Fire";"The Doors";"1967"
"Strawberry Fields Forever - Remastered 2009";"The Beatles";"1967"
"So Long, Marianne";"Leonard Cohen";"1967"
"Little Wing";"Jimi Hendrix";"1967"
"The Fool On The Hill - Remastered 2009";"The Beatles";"1967"
"People Are Strange";"The Doors";"1967"
"The Wind Cries Mary";"Jimi Hendrix";"1967"
"Sgt. Pepper's Lonely Hearts Club Band - Remastered 2009";"The Beatles";"1967"
"Lucy In The Sky With Diamonds - Remastered 2009";"The Beatles";"1967"
"Purple Haze";"Jimi Hendrix";"1967"
"Ruby Tuesday";"The Rolling Stones";"1967"
"All You Need Is Love - Remastered 2009";"The Beatles";"1967"
"He Ain't Heavy, He's My Brother";"The Hollies";"1967"
"When I'm Sixty Four - Remastered 2009";"The Beatles";"1967"
"Somebody Will Know Someday";"Cuby & The Blizzards";"1967"
"I Am The Walrus - Remastered 2009";"The Beatles";"1967"
"Guitar Man";"Elvis Presley";"1967"
"Ain't No Mountain High Enough";"Marvin Gaye";"1967"
"San Francisco (Be Sure to Wear Some Flowers In Your Hair)";"Scott McKenzie";"1967"
"She's Leaving Home - Remastered 2009";"The Beatles";"1967"
"I'm a Believer - 2006 Remaster";"The Monkees";"1967"
"Waterloo Sunset - Mono Mix";"The Kinks";"1967"
"Sunshine Of Your Love";"Cream";"1967"
"Break on Through (To the Other Side)";"The Doors";"1967"
"Somebody to Love";"Jefferson Airplane";"1967"
"Green Green Grass Of Home";"Tom Jones";"1967"
"To Love Somebody";"Bee Gees";"1967"
"Pastorale - Remastered";"Liesbeth List";"1968"
"(Sittin' On) the Dock of the Bay";"Otis Redding";"1968"
"Blackbird - Remastered 2009";"The Beatles";"1968"
"I Put A Spell On You";"Creedence Clearwater Revival";"1968"
"While My Guitar Gently Weeps - Remastered 2009";"The Beatles";"1968"
"All Along the Watchtower";"Jimi Hendrix";"1968"
"Window Of My Eyes - From ''The American'' Soundtrack";"Cuby & The Blizzards";"1968"
"I Say a Little Prayer";"Aretha Franklin";"1968"
"(You Make Me Feel Like) A Natural Woman";"Aretha Franklin";"1968"
"White Room";"Cream";"1968"
"Mrs. Robinson - From ''The Graduate'' Soundtrack";"Simon & Garfunkel";"1968"
"What A Wonderful World - Single Version";"Louis Armstrong";"1968"
"Lea";"The Cats";"1968"
"The Weight - Remastered";"The Band";"1968"
"Ain't Got No - I Got Life - Remastered";"Nina Simone";"1968"
"Voodoo Child (Slight Return)";"Jimi Hendrix";"1968"
"Suzie Q";"Creedence Clearwater Revival";"1968"
"Born To Be Wild - Single Version";"Steppenwolf";"1968"
"Words";"Bee Gees";"1968"
"Massachussetts";"Bee Gees";"1968"
"Times Were When";"The Cats";"1968"
"I Started A Joke";"Bee Gees";"1968"
"MacArthur Park";"Richard Harris";"1968"
"I'd Rather Go Blind";"Etta James";"1968"
"Daydream Believer";"The Monkees";"1968"
"Back In The U.S.S.R. - Remastered 2009";"The Beatles";"1968"
"Girl, You'll Be A Woman Soon";"Neil Diamond";"1968"
"Here Comes The Sun - Remastered 2009";"The Beatles";"1969"
"Space Oddity - 2015 Remaster";"David Bowie";"1969"
"Gimme Shelter";"The Rolling Stones";"1969"
"Suspicious Minds";"Elvis Presley";"1969"
"Whole Lotta Love - 1990 Remaster";"Led Zeppelin";"1969"
"Sweet Caroline";"Neil Diamond";"1969"
"Fortunate Son";"Creedence Clearwater Revival";"1969"
"In the Ghetto";"Elvis Presley";"1969"
"Bad Moon Rising";"Creedence Clearwater Revival";"1969"
"You Can't Always Get What You Want";"The Rolling Stones";"1969"
"With A Little Help From My Friends";"Joe Cocker";"1969"
"My Way";"Frank Sinatra";"1969"
"Come Together - Remastered 2009";"The Beatles";"1969"
"Something - Remastered 2009";"The Beatles";"1969"
"Albatross - 2018 Remaster";"Fleetwood Mac";"1969"
"Just A Little Bit Of Peace In My Heart";"Golden Earring";"1969"
"Venus";"Shocking Blue";"1969"
"Son of a Preacher Man";"Dusty Springfield";"1969"
"Pinball Wizard";"The Who";"1969"
"Marian";"The Cats";"1969"
"Proud Mary";"Creedence Clearwater Revival";"1969"
"Beautiful People";"Melanie";"1969"
"Oh Well (Pt. 1) - 2013 Remaster";"Fleetwood Mac";"1969"
"Born On The Bayou";"Creedence Clearwater Revival";"1969"
"Scarlet Ribbons";"The Cats";"1969"
"The Thrill Is Gone";"B.B. King";"1969"
"Dazed and Confused";"Led Zeppelin";"1969"
"Overture";"The Who";"1969"
"Streets of London";"Ralph McTell";"1969"
"Down On The Corner";"Creedence Clearwater Revival";"1969"
"Appleknockers Flophouse";"Cuby & The Blizzards";"1969"
"The First Time Ever I Saw Your Face";"Roberta Flack";"1969"
"Touch Me";"The Doors";"1969"
"Summertime";"Brainbox";"1969"
"Midnight Rambler";"The Rolling Stones";"1969"
"Get Ready";"Rare Earth";"1969"
"Black Magic Woman - 2018 Remaster";"Fleetwood Mac";"1969"
"Suite: Judy Blue Eyes - Remastered";"Crosby, Stills & Nash";"1969"
"Blue Suede Shoes";"Elvis Presley";"1956"
"Jailhouse Rock";"Elvis Presley";"1958"
"My Baby Just Cares for Me - 2013 Remastered Version";"Nina Simone";"1958"
"Summertime";"Louis Armstrong";"1958"
"Heartbreak Hotel";"Elvis Presley";"1958"
"Hound Dog";"Elvis Presley";"1958"
"Johnny B. Goode";"Chuck Berry";"1959"
"Take Five";"The Dave Brubeck Quartet";"1959"
"Blueberry Hill";"Fats Domino";"1959"